Country Name,Country Code,Indicator Name,Indicator Code,1997,1998,1999,2000,2001,2002,2003,2004,2005,2006,2007,2008,2009,2010,2011,2012,2013,2014,2015,2016,2017,2018,2019,2020,2021
Aruba,ABW,Employment in agriculture (% of total employment) (modeled ILO estimate),SL.AGR.EMPL.ZS,,,,,,,,,,,,,,,,,,,,,,,,,
Africa Eastern and Southern,AFE,Employment in agriculture (% of total employment) (modeled ILO estimate),SL.AGR.EMPL.ZS,65.0197596489463,64.9555039679541,64.7952697371777,64.691640492506,64.6301468930172,64.404074101741,64.2495941727756,64.0228874884874,63.9195637635084,63.1793051512372,62.5322534875699,62.1369133483085,61.815898309312,61.2142612502618,60.2550741085146,59.5501277132763,59.4311127934356,58.59870612977,57.9717611868127,57.5393899642228,57.0346530050862,56.4975085327031,55.9605791801428,56.5308918951047,56.2137834732112
Afghanistan,AFG,Employment in agriculture (% of total employment) (modeled ILO estimate),SL.AGR.EMPL.ZS,64.26736,64.61451,64.98719,65.47169,66.05487,64.08779,63.34015,63.05186,61.81535,61.01674,59.61623,58.90637,56.27216,53.78926,52.67994,50.17682,47.64077,44.79854,44.65121,44.37642,43.989,44.39712,44.51263,45.98341,
Africa Western and Central,AFW,Employment in agriculture (% of total employment) (modeled ILO estimate),SL.AGR.EMPL.ZS,59.0881669028705,58.5953253502987,58.1510706509599,57.5238874430156,56.9973317380794,56.5026234979454,55.8056062615761,55.0000151740514,54.4206665952137,53.8674256554934,53.0824578707595,52.2729842302267,51.3983593411758,50.4090527422559,49.8244627588352,49.0651010244415,48.4156628772185,46.8250385254166,45.6297650051951,45.6435803927087,45.1799165123499,44.5441316358982,44.313630223226,44.375664339902,43.8696169201657
Angola,AGO,Employment in agriculture (% of total employment) (modeled ILO estimate),SL.AGR.EMPL.ZS,38.96205,38.65708,38.56796,38.241,37.75967,36.57058,36.50583,36.16634,38.11551,40.20257,42.24765,44.39021,46.5077,48.36756,51.21802,53.32123,55.51637,57.59966,57.96388,58.52023,58.83489,59.30486,59.3349,59.20556,58.65716
Albania,ALB,Employment in agriculture (% of total employment) (modeled ILO estimate),SL.AGR.EMPL.ZS,52.39341,52.03003,51.48995,50.71598,49.8112,48.8528,48.5847,48.06297,47.29048,46.49306,45.52278,44.65603,44.05164,42.08441,45.38802,45.99563,44.19803,42.25706,41.28352,40.04085,38.07835,37.28573,36.41685,35.54197,34.61804
Andorra,AND,Employment in agriculture (% of total employment) (modeled ILO estimate),SL.AGR.EMPL.ZS,,,,,,,,,,,,,,,,,,,,,,,,,
Arab World,ARB,Employment in agriculture (% of total employment) (modeled ILO estimate),SL.AGR.EMPL.ZS,30.129794893299,29.5264623746572,28.9489793411105,29.0061619105452,28.1466209970106,27.5965526061052,27.4699500467642,27.5478184634878,26.6651876260459,25.8892914983356,25.2614639299548,24.1920780926444,23.2388751516935,22.2864617019707,21.9418348597579,21.2242163717751,21.0946375783271,20.7091080412107,20.0220338652692,19.511427285715,19.204875499448,18.1338764626488,17.839356946667,17.7948717882495,17.5560908746109
United Arab Emirates,ARE,Employment in agriculture (% of total employment) (modeled ILO estimate),SL.AGR.EMPL.ZS,8.524698,8.449021,8.478829,8.502118,7.882632,7.329075,6.81736,6.396084,5.969338,5.33595,4.75652,4.258621,3.994488,3.775711,3.542934,3.270368,2.982555,2.705361,2.415707,2.196307,1.789881,1.464063,2.241195,1.783298,1.704158
Argentina,ARG,Employment in agriculture (% of total employment) (modeled ILO estimate),SL.AGR.EMPL.ZS,13.16964,12.89497,12.69313,12.49668,12.32874,12.5712,12.23954,11.7402,11.25067,10.75619,10.39929,10.08668,9.794848,9.527369,9.168086,8.91641,8.723099,8.59409,8.328097,8.171217,7.939622,7.832407,7.740676,7.686438,7.652854
Armenia,ARM,Employment in agriculture (% of total employment) (modeled ILO estimate),SL.AGR.EMPL.ZS,49.3147,48.84616,48.28792,47.51644,46.5042,45.26392,43.82552,42.51967,40.8853,39.27095,37.62118,38.27179,39.45403,38.59638,38.92911,37.25019,36.27645,34.82585,35.32888,33.59874,31.34356,30.64513,29.90575,30.80131,30.28259
American Samoa,ASM,Employment in agriculture (% of total employment) (modeled ILO estimate),SL.AGR.EMPL.ZS,,,,,,,,,,,,,,,,,,,,,,,,,
Antigua and Barbuda,ATG,Employment in agriculture (% of total employment) (modeled ILO estimate),SL.AGR.EMPL.ZS,,,,,,,,,,,,,,,,,,,,,,,,,
Australia,AUS,Employment in agriculture (% of total employment) (modeled ILO estimate),SL.AGR.EMPL.ZS,4.910031,4.849239,4.933064,4.857451,4.754309,4.382112,3.913128,3.737895,3.579995,3.411905,3.32058,3.223325,3.234276,3.230407,2.81994,2.801783,2.618184,2.79832,2.636502,2.617486,2.596055,2.616846,2.558299,2.765993,2.425497
Austria,AUT,Employment in agriculture (% of total employment) (modeled ILO estimate),SL.AGR.EMPL.ZS,6.892446,6.484995,6.232934,6.050782,5.804786,5.758681,5.503835,4.901672,5.273784,5.244477,5.526842,5.25225,5.32227,5.213284,4.937537,4.675245,4.575705,4.836893,4.531011,4.348164,3.92985,3.694112,3.656134,3.906833,3.734066
Azerbaijan,AZE,Employment in agriculture (% of total employment) (modeled ILO estimate),SL.AGR.EMPL.ZS,43.25589,42.30176,42.31393,41.00958,39.95425,40.18518,38.20239,39.53688,39.31745,39.5469,38.54912,39.59319,38.12477,38.22997,37.88278,37.65334,37.10055,36.75345,36.35587,36.33691,35.94409,35.4523,34.66605,34.84196,34.18707
Burundi,BDI,Employment in agriculture (% of total employment) (modeled ILO estimate),SL.AGR.EMPL.ZS,92.59169,92.21496,92.06852,91.91463,91.6497,91.29282,91.1675,91.13886,90.76436,90.26334,89.73049,89.31937,88.90606,88.35996,87.78889,87.20343,86.72589,86.18505,86.34525,86.32186,86.30987,86.17698,86.0615,86.09478,85.8503
Belgium,BEL,Employment in agriculture (% of total employment) (modeled ILO estimate),SL.AGR.EMPL.ZS,2.656514,2.237783,2.39302,1.907888,1.379628,1.789765,1.7211,2.218844,2.038951,1.954275,1.85607,1.552808,1.487032,1.351981,1.300525,1.171986,1.359844,1.218165,1.176517,1.251288,1.163611,0.9942818,0.9195728,0.9285538,0.9353765
Benin,BEN,Employment in agriculture (% of total employment) (modeled ILO estimate),SL.AGR.EMPL.ZS,53.50593,53.17908,52.65636,51.84196,51.03728,50.57435,49.78894,49.43679,48.99079,48.42402,47.45875,46.51369,45.80029,45.13858,43.61342,41.58181,39.29006,37.23462,35.96497,34.45425,32.48684,30.61307,29.4476,28.87396,28.14955
Burkina Faso,BFA,Employment in agriculture (% of total employment) (modeled ILO estimate),SL.AGR.EMPL.ZS,87.2193,86.59277,85.81274,85.2821,84.63328,84.02637,83.21919,82.41527,81.53898,80.60624,80.09897,79.96097,79.578,79.1534,78.68822,78.18043,77.58653,77.23115,76.78741,76.23256,75.5937,75.1405,74.37678,73.81441,73.26725
Bangladesh,BGD,Employment in agriculture (% of total employment) (modeled ILO estimate),SL.AGR.EMPL.ZS,62.42382,61.89855,61.38416,60.80127,57.97989,54.96515,51.73496,49.96922,48.07627,48.07571,47.8953,47.7229,47.53321,47.30638,46.66772,45.91011,45.09919,44.38585,43.54638,42.66475,40.5973,39.42393,38.32538,37.87102,37.09001
Bulgaria,BGR,Employment in agriculture (% of total employment) (modeled ILO estimate),SL.AGR.EMPL.ZS,14.34399,13.88948,13.75072,13.19582,9.693579,10.70513,11.13949,10.74529,8.938775,8.107992,7.544334,7.473258,7.091597,6.814951,6.779055,6.440063,6.659784,7.007934,6.855873,6.753502,7.014026,6.577581,6.621537,6.585689,6.294703
Bahrain,BHR,Employment in agriculture (% of total employment) (modeled ILO estimate),SL.AGR.EMPL.ZS,1.845058,1.761404,1.695217,1.639199,1.567635,1.514913,1.460887,1.400347,1.345882,1.290954,1.237056,1.188068,1.140845,1.087552,1.099885,1.094308,1.087176,1.078468,1.074456,1.046966,1.025626,1.010303,0.9920013,0.9894256,0.9823518
"Bahamas, The",BHS,Employment in agriculture (% of total employment) (modeled ILO estimate),SL.AGR.EMPL.ZS,3.838918,3.529505,4.032097,4.112746,4.202842,3.71134,2.999622,4.431811,3.494067,2.505788,2.30254,2.937235,2.881378,3.265224,3.689078,3.668879,3.610353,3.591037,3.556425,3.48988,3.420836,3.355695,3.291617,3.262124,3.236661
Bosnia and Herzegovina,BIH,Employment in agriculture (% of total employment) (modeled ILO estimate),SL.AGR.EMPL.ZS,22.66389,21.56875,20.65991,19.57563,18.81015,19.04228,19.37377,19.75502,20.18516,20.53929,19.8154,20.5795,21.2229,19.69394,19.61007,20.55817,18.8635,17.07912,17.87568,17.95736,18.87109,15.72489,17.96246,11.97932,11.32003
Belarus,BLR,Employment in agriculture (% of total employment) (modeled ILO estimate),SL.AGR.EMPL.ZS,21.05602,20.42335,19.92432,19.31997,18.52511,17.93195,17.20597,16.52331,15.77648,15.10151,14.41554,13.80328,13.24349,12.54545,11.99787,11.42006,10.82981,10.26367,9.695286,9.418374,9.101349,8.73278,8.381658,8.313313,8.087514
Belize,BLZ,Employment in agriculture (% of total employment) (modeled ILO estimate),SL.AGR.EMPL.ZS,29.90879,25.01614,27.47044,26.08371,24.5896,23.2166,21.99813,20.7759,19.55439,19.25642,18.90195,18.59031,18.30642,18.11159,17.8806,17.71239,17.45887,17.67052,18.08144,18.56258,17.41796,17.4261,16.8605,21.43769,21.17309
Bermuda,BMU,Employment in agriculture (% of total employment) (modeled ILO estimate),SL.AGR.EMPL.ZS,,,,,,,,,,,,,,,,,,,,,,,,,
Bolivia,BOL,Employment in agriculture (% of total employment) (modeled ILO estimate),SL.AGR.EMPL.ZS,41.18229,40.66098,39.95025,38.93901,44.20205,42.38539,35.08316,35.08329,38.60841,39.50002,36.10003,31.16428,30.06793,31.72428,33.1777,30.85555,32.76038,30.98784,29.67737,29.7428,30.49016,31.07002,28.36029,30.00065,29.23412
Brazil,BRA,Employment in agriculture (% of total employment) (modeled ILO estimate),SL.AGR.EMPL.ZS,16.67523,15.99647,16.49351,16.26077,16.24787,16.34461,16.50105,16.97143,16.45133,15.44589,14.51204,13.68068,13.26799,12.44521,11.8259,11.34677,11.00035,10.19422,10.04079,10.0091,9.346427,9.152946,8.960098,9.529819,9.689179
Barbados,BRB,Employment in agriculture (% of total employment) (modeled ILO estimate),SL.AGR.EMPL.ZS,5.267791,4.43723,4.313204,3.721281,4.2017,4.043752,4.555647,3.408529,2.378941,3.610257,3.006422,2.82378,3.006665,2.89959,3.304013,2.816446,2.707651,2.600445,2.890262,2.861771,3.105798,3.095848,2.829336,2.818063,2.810211
Brunei Darussalam,BRN,Employment in agriculture (% of total employment) (modeled ILO estimate),SL.AGR.EMPL.ZS,1.593291,1.526528,1.477464,1.423465,1.36316,1.36323,1.366961,1.370887,1.374393,1.371264,1.368502,1.372584,1.365199,1.365416,1.368488,1.367949,1.367081,1.369856,1.364039,1.361213,1.358414,1.060607,1.953577,1.336576,1.291292
Bhutan,BTN,Employment in agriculture (% of total employment) (modeled ILO estimate),SL.AGR.EMPL.ZS,71.46673,71.09617,70.62279,70.01189,69.19609,68.35542,67.55691,66.57928,65.28504,62.80341,61.11551,59.17395,56.90686,54.70019,55.87181,58.10787,56.34438,56.65078,57.98573,57.43616,56.83745,56.53483,56.13877,56.46911,55.99296
Botswana,BWA,Employment in agriculture (% of total employment) (modeled ILO estimate),SL.AGR.EMPL.ZS,17.7073,20.73213,20.25201,19.95555,19.14676,20.1082,21.21933,23.84994,26.49566,29.09179,27.62549,26.20982,25.0891,26.07497,25.32406,24.46982,23.26204,22.40655,22.23568,21.36039,20.56763,19.8096,18.99099,23.44074,23.07407
Central African Republic,CAF,Employment in agriculture (% of total employment) (modeled ILO estimate),SL.AGR.EMPL.ZS,75.56435,75.30515,74.70124,75.20286,74.89951,74.5484,75.6941,74.95605,74.82598,74.25108,73.73299,73.56818,72.44789,71.69903,71.05695,70.15187,72.71719,72.49776,71.61894,70.86926,70.16857,69.46078,69.1151,68.94441,68.52275
Canada,CAN,Employment in agriculture (% of total employment) (modeled ILO estimate),SL.AGR.EMPL.ZS,3.007312,2.990998,2.805973,2.515508,2.160141,2.116884,2.107053,2.023168,2.122047,2.112003,2.000905,1.940858,1.954076,1.807495,1.787921,1.752882,1.774879,1.714031,1.643415,1.944528,1.518612,1.486745,1.510478,1.556357,1.337711
Central Europe and the Baltics,CEB,Employment in agriculture (% of total employment) (modeled ILO estimate),SL.AGR.EMPL.ZS,21.5415114997121,21.2811897922896,21.4135294366677,21.3037695248516,20.8093047473819,18.8914040527921,18.1520010607844,16.6107814447817,16.0294501276732,14.88352579428,13.9635100591229,13.1959866417629,13.1178294622571,13.4508576651525,12.9939428500263,12.8916260161537,12.4599452645518,12.0299129560473,11.4003389376102,10.3668549187633,10.1442618239661,9.69259172363875,9.26968470871065,9.26080662126817,8.22755273412178
Switzerland,CHE,Employment in agriculture (% of total employment) (modeled ILO estimate),SL.AGR.EMPL.ZS,4.603052,4.608706,4.782868,4.849029,4.35018,4.285644,4.236181,3.894444,3.898962,3.811944,4.003175,3.588024,3.248929,3.470204,3.513689,3.53055,3.527736,3.577852,3.438751,3.362471,3.108733,3.030229,2.592748,2.572916,2.186361
Channel Islands,CHI,Employment in agriculture (% of total employment) (modeled ILO estimate),SL.AGR.EMPL.ZS,4.263045,4.155166,4.040657,3.891667,3.823425,3.761407,3.725597,3.644278,3.552531,3.419122,3.280463,3.218215,3.196635,3.115581,3.034529,2.957409,2.870013,2.774398,2.682316,2.603767,2.530173,2.465453,2.399841,2.373666,2.350913
Chile,CHL,Employment in agriculture (% of total employment) (modeled ILO estimate),SL.AGR.EMPL.ZS,14.42121,14.43869,14.43377,14.43747,13.60369,13.49798,13.59952,13.14452,12.71797,12.30888,11.85849,11.38525,11.07608,10.6824,10.39257,10.09425,9.353033,9.202718,9.181175,9.342858,9.340508,9.29988,9.069173,7.283526,6.58244
China,CHN,Employment in agriculture (% of total employment) (modeled ILO estimate),SL.AGR.EMPL.ZS,49.90001,49.80001,50.1,50.01,50.00999,50.01,49.1,46.89999,44.8,42.6,40.8,39.59999,38.09999,36.7,34.80001,33.60001,31.39999,29.49999,28.59174,27.7,26.98,26.0337,25.30706,24.85378,24.40598
Cote d'Ivoire,CIV,Employment in agriculture (% of total employment) (modeled ILO estimate),SL.AGR.EMPL.ZS,51.423,51.115,50.8007,50.70218,50.77925,50.84768,51.04139,50.48253,50.12309,49.75168,49.38123,48.85712,48.23253,47.57069,47.44594,46.32995,45.17015,44.27877,43.50146,42.7547,41.89127,43.95443,45.94494,45.56653,45.03741
Cameroon,CMR,Employment in agriculture (% of total employment) (modeled ILO estimate),SL.AGR.EMPL.ZS,67.88058,67.52016,67.08715,66.57462,65.88754,64.99183,63.99485,62.8763,61.98106,60.95355,59.82735,58.24833,56.62717,54.98121,53.21453,51.37912,49.46919,47.61304,46.67202,45.82512,45.07563,44.38042,43.7701,43.30416,42.60456
"Congo, Dem. Rep.",COD,Employment in agriculture (% of total employment) (modeled ILO estimate),SL.AGR.EMPL.ZS,72.44432,72.80759,73.97778,74.05415,75.3428,74.68888,73.79338,72.92935,71.87049,70.92854,69.80723,68.80839,67.98533,66.23255,64.45222,62.64161,61.16999,59.66501,58.34261,58.12725,57.76545,57.02931,56.26814,55.91112,55.2838
"Congo, Rep.",COG,Employment in agriculture (% of total employment) (modeled ILO estimate),SL.AGR.EMPL.ZS,43.60617,43.33521,43.29111,42.70091,42.15573,41.61416,41.20048,40.70018,39.96863,39.20308,39.10486,38.32184,37.24564,36.42796,35.94685,35.10573,34.89188,34.45733,34.48846,35.22359,35.74268,36.32829,36.30391,36.78384,36.26412
Colombia,COL,Employment in agriculture (% of total employment) (modeled ILO estimate),SL.AGR.EMPL.ZS,18.25154,18.54424,19.52259,20.23885,20.86644,20.54742,21.24356,19.91201,20.70777,19.50452,17.27776,18.04765,18.37897,18.37932,17.81124,17.40779,16.60016,16.22947,16.00625,16.00637,16.53367,16.70848,15.76901,16.60805,15.92783
Comoros,COM,Employment in agriculture (% of total employment) (modeled ILO estimate),SL.AGR.EMPL.ZS,58.50389,58.4152,58.22671,57.57367,57.18444,56.70277,56.23689,55.71873,54.22441,52.6743,50.46106,48.58584,47.08042,45.32244,43.47149,41.62897,39.83283,38.00543,37.50621,36.89614,36.1595,35.74527,35.60773,35.60059,34.97378
Cabo Verde,CPV,Employment in agriculture (% of total employment) (modeled ILO estimate),SL.AGR.EMPL.ZS,29.62274,28.54107,27.57106,26.29656,25.36777,24.33632,23.47365,22.3817,21.38449,20.42536,19.34493,18.5496,18.15226,17.70015,17.23014,16.89631,16.51332,16.11761,15.76164,14.726,13.61674,11.83828,10.60462,11.29027,10.97821
Costa Rica,CRI,Employment in agriculture (% of total employment) (modeled ILO estimate),SL.AGR.EMPL.ZS,17.23228,17.09136,16.58893,16.24663,15.6426,15.90782,15.2085,14.87887,15.24943,14.0374,13.26661,12.39528,10.88944,12.35092,12.90088,13.57527,14.38872,14.85807,15.27876,16.05872,16.91206,17.84312,17.37481,18.61562,17.13918
Caribbean small states,CSS,Employment in agriculture (% of total employment) (modeled ILO estimate),SL.AGR.EMPL.ZS,17.0113837804401,16.3147573110733,16.0006206720269,15.7078008830574,15.4729776672098,14.698645822606,14.4953589395703,13.2903617102298,12.8605879993997,12.8173307931781,12.2371741801813,12.1421497429948,12.17951154099,12.0858724934046,12.015877731592,12.0845109146153,12.0308089916405,12.1881745795166,12.0598824966171,11.6360595196621,11.6094269021808,11.2061325763113,10.7175176862677,11.0176253016535,11.05225041912
Cuba,CUB,Employment in agriculture (% of total employment) (modeled ILO estimate),SL.AGR.EMPL.ZS,25.22864,24.81777,23.29763,22.68737,21.65646,21.65648,21.65648,21.16473,20.24986,20.02061,18.74191,18.57442,18.72773,18.60079,19.68823,19.26073,18.6143,18.89955,18.64825,18.34593,18.0818,17.81512,17.46173,18.0478,17.72127
Curacao,CUW,Employment in agriculture (% of total employment) (modeled ILO estimate),SL.AGR.EMPL.ZS,,,,,,,,,,,,,,,,,,,,,,,,,
Cayman Islands,CYM,Employment in agriculture (% of total employment) (modeled ILO estimate),SL.AGR.EMPL.ZS,,,,,,,,,,,,,,,,,,,,,,,,,
Cyprus,CYP,Employment in agriculture (% of total employment) (modeled ILO estimate),SL.AGR.EMPL.ZS,8.360012,7.231388,6.25167,5.404567,4.838356,5.25445,5.186526,5.10414,4.738663,4.260832,4.384918,4.2312,3.929499,3.795311,3.828273,2.912611,3.105401,4.430206,3.995309,3.643396,2.527757,2.165791,2.410654,2.731652,2.848568
Czechia,CZE,Employment in agriculture (% of total employment) (modeled ILO estimate),SL.AGR.EMPL.ZS,5.79338,5.554297,5.313405,5.219277,4.87166,4.896115,4.51283,4.446729,3.97785,3.764389,3.581448,3.174278,3.116932,3.09618,2.989153,3.050288,3.030352,2.748536,2.925492,2.901514,2.802955,2.802189,2.66376,2.610028,2.549289
Germany,DEU,Employment in agriculture (% of total employment) (modeled ILO estimate),SL.AGR.EMPL.ZS,2.942082,2.78052,2.865185,2.637472,2.615914,2.487027,2.424593,2.355118,2.373662,2.267946,2.258508,1.784845,1.682362,1.647412,1.644621,1.560585,1.446526,1.428471,1.393919,1.308209,1.276806,1.249488,1.204102,1.311538,1.250732
Djibouti,DJI,Employment in agriculture (% of total employment) (modeled ILO estimate),SL.AGR.EMPL.ZS,2.520723,2.510856,2.480072,2.453795,2.411079,2.35318,2.291713,2.229284,2.164758,2.087895,2.014108,1.931567,1.872797,1.802012,1.720791,1.652345,1.58549,1.513893,1.443916,1.379848,1.323848,1.2606,1.203609,1.216456,1.184986
Dominica,DMA,Employment in agriculture (% of total employment) (modeled ILO estimate),SL.AGR.EMPL.ZS,,,,,,,,,,,,,,,,,,,,,,,,,
Denmark,DNK,Employment in agriculture (% of total employment) (modeled ILO estimate),SL.AGR.EMPL.ZS,3.736916,3.706607,3.321635,3.668206,3.548288,3.212889,3.294945,3.271712,3.182522,3.088313,2.963834,2.705849,2.759313,2.54375,2.394497,2.637185,2.593586,2.48023,2.49157,2.334181,2.110608,2.191685,2.222975,2.114526,2.044793
Dominican Republic,DOM,Employment in agriculture (% of total employment) (modeled ILO estimate),SL.AGR.EMPL.ZS,20.01432,17.09241,17.54438,15.60233,14.39266,15.22064,14.26452,14.23601,13.68289,13.6909,12.85388,12.68068,13.1279,12.41711,12.04024,11.35925,11.08167,11.25945,9.715289,8.926992,9.577106,9.330048,8.786791,8.955323,8.268222
Algeria,DZA,Employment in agriculture (% of total employment) (modeled ILO estimate),SL.AGR.EMPL.ZS,23.09041,22.73818,22.52913,22.21172,21.71543,21.73323,21.72203,21.34046,19.44116,17.85444,16.20978,14.71542,13.32389,11.99493,10.77196,10.87523,10.99006,9.312096,9.562264,9.86951,10.16129,10.00731,9.940742,10.5245,10.32379
East Asia & Pacific (excluding high income),EAP,Employment in agriculture (% of total employment) (modeled ILO estimate),SL.AGR.EMPL.ZS,49.6780775037829,49.9890873618604,49.9445405402444,49.9808349219287,49.5377520317648,49.4072206443411,48.7192173025091,46.4494577659964,44.7626955177523,42.8179043746321,41.2478711709503,40.2836379921168,39.0536777742961,37.8683984404662,36.3868287733876,35.3543351160866,33.4793121739821,31.7723051207414,30.7537724507264,29.6844447951591,28.9275527581982,27.966751952379,27.1358532431485,26.8265095681881,25.7224111521395
Early-demographic dividend,EAR,Employment in agriculture (% of total employment) (modeled ILO estimate),SL.AGR.EMPL.ZS,49.6975308356869,49.6996940939224,49.2009258493391,49.0461726527059,48.3905392970093,47.7794064186575,47.2830004708915,46.1323244347293,45.4193186531175,44.5613782573399,43.7567375138708,43.2851108185497,42.6374794175964,41.8521697391461,40.627697805061,39.2950396673106,38.6937333915381,38.0378195378545,37.197978432918,36.5562316799064,35.8796492945776,34.9765982274071,34.1261929460537,35.6213318835084,34.9032302683369
East Asia & Pacific,EAS,Employment in agriculture (% of total employment) (modeled ILO estimate),SL.AGR.EMPL.ZS,44.9331782887857,45.3462288028548,45.3478903187589,45.3720817886399,44.9743949029387,44.8604609955479,44.2511047218062,42.1951449257881,40.6546114559926,38.8847935515434,37.4590614129894,36.5844234153648,35.5186194877121,34.4395263978702,33.0909576124767,32.1606426895923,30.4422280095051,28.8813669525362,27.9466654458995,26.9569823925531,26.2501412685503,25.3697318512249,24.6031942428017,24.2856842159459,23.3046724023989
Europe & Central Asia (excluding high income),ECA,Employment in agriculture (% of total employment) (modeled ILO estimate),SL.AGR.EMPL.ZS,24.617407293393,24.522396101122,25.518949142956,24.471201688439,23.3835772357568,22.4468632081438,21.7771905794631,20.3199076037522,19.6688721414854,18.8367928144035,17.9438917046528,17.5845955869072,17.1736668255507,16.874719870279,16.8708431606001,16.4447335187534,16.1824430564645,15.4982729395998,15.2517727919284,15.0424224309068,14.5069251684846,14.0781650394149,13.8184744996327,13.7474175951322,13.4315366811048
Europe & Central Asia,ECS,Employment in agriculture (% of total employment) (modeled ILO estimate),SL.AGR.EMPL.ZS,15.1668943637955,14.8845542924814,15.2311934096052,14.666690038163,14.060620946989,13.357368165294,12.9231472875091,12.0243266505558,11.6715736801017,11.1397281782425,10.6132383214816,10.1870808786518,10.0357590258896,10.0028939165552,9.94789935078863,9.78587281698073,9.60418244392417,9.23240693384393,8.99321029281697,8.75363432839185,8.44628160554955,8.16217629136871,7.93911594732155,7.88702202681556,7.68701371235177
Ecuador,ECU,Employment in agriculture (% of total employment) (modeled ILO estimate),SL.AGR.EMPL.ZS,26.99507,27.28989,27.66525,27.92325,29.09103,28.46996,29.79728,30.4431,30.34484,29.62037,28.48734,27.95477,28.53462,27.87782,27.90542,27.98123,26.6496,25.28037,26.19157,26.94193,27.69385,28.8247,29.74193,31.77071,32.17831
"Egypt, Arab Rep.",EGY,Employment in agriculture (% of total employment) (modeled ILO estimate),SL.AGR.EMPL.ZS,31.37492,29.80269,28.69988,29.63282,28.54506,27.52089,29.86846,31.83496,30.9391,31.2326,31.75723,31.69212,29.95798,28.27635,29.23911,27.07136,27.9588,27.54777,25.81509,25.57313,25.04458,21.66416,21.1478,20.37913,19.82913
Euro area,EMU,Employment in agriculture (% of total employment) (modeled ILO estimate),SL.AGR.EMPL.ZS,6.07189829809197,5.80997845785259,5.55298172627563,5.28946639632295,5.14552183823456,5.00864923529672,4.92034276083907,4.57221829161584,4.4740949749913,4.36447861653849,4.14478667258637,3.66070750115059,3.68676208395226,3.66002933441625,3.53173811355379,3.50660851888646,3.43644795094793,3.36698226176565,3.25708911932137,3.21405482586579,3.11032372532507,3.01829537699109,2.96064910697571,2.93618097273246,2.98838787567394
Eritrea,ERI,Employment in agriculture (% of total employment) (modeled ILO estimate),SL.AGR.EMPL.ZS,62.37341,62.54906,62.31474,62.11015,61.69634,61.20306,61.96163,62.20825,63.88462,64.47805,64.52573,65.5929,64.51606,65.25114,63.89256,63.52575,65.05888,62.4361,64.53394,63.38277,64.72339,62.85505,62.18325,62.85835,62.41981
Spain,ESP,Employment in agriculture (% of total employment) (modeled ILO estimate),SL.AGR.EMPL.ZS,8.04268,7.699443,7.208527,6.687955,6.554636,6.0055,5.705046,5.482999,5.299413,4.80548,4.516291,4.045505,4.124969,4.197816,4.099873,4.215967,4.297604,4.243,4.123791,4.223209,4.352961,4.204082,4.030812,3.985581,4.059476
Estonia,EST,Employment in agriculture (% of total employment) (modeled ILO estimate),SL.AGR.EMPL.ZS,9.686707,9.300137,8.575407,6.36215,6.344329,6.596585,6.235598,5.062284,5.193337,5.064012,4.776499,3.901594,4.054567,4.21703,4.412536,4.49338,4.261985,3.8583,3.901571,3.894375,3.526035,3.293859,3.167165,2.964256,2.692326
Ethiopia,ETH,Employment in agriculture (% of total employment) (modeled ILO estimate),SL.AGR.EMPL.ZS,76.34241,76.733,76.35542,76.69336,76.62874,77.21537,78.32962,77.94923,78.12075,77.40991,76.49015,75.80434,75.10615,73.64886,72.49886,72.07094,71.03363,69.68967,68.30122,67.25632,65.96022,64.95966,63.89353,64.08641,63.66029
European Union,EUU,Employment in agriculture (% of total employment) (modeled ILO estimate),SL.AGR.EMPL.ZS,9.8090545174456,9.52930798758594,9.28488690585881,8.97945184034954,8.6764410626055,7.96670618577319,7.73102979160545,7.12764963961747,6.92645004702232,6.59337916184333,6.2502199522577,5.75628899431344,5.75601603986837,5.80419739963118,5.59405714954858,5.57026595458719,5.42421769809613,5.27785633643249,5.06217990176386,4.79368888917308,4.67146394560672,4.49753580880069,4.34988455415165,4.3445222559071,4.13328548947333
Fragile and conflict affected situations,FCS,Employment in agriculture (% of total employment) (modeled ILO estimate),SL.AGR.EMPL.ZS,56.1645271239104,56.1841508360803,56.1741875314049,56.0334349347268,55.6739217455986,55.4569875856446,55.0875131059273,54.3642163640657,53.7824471995942,53.0236314501592,52.3572945401882,51.7396625604594,51.2764036222939,50.5434771778991,49.9536619910553,49.4815630734294,49.0250316518257,48.2342038192384,47.6406724374767,47.3960187805468,47.193471162843,46.7785670318878,46.6944931579359,46.8849915016056,46.6452180557967
Finland,FIN,Employment in agriculture (% of total employment) (modeled ILO estimate),SL.AGR.EMPL.ZS,7.778024,7.113578,6.380652,6.208062,5.837033,5.52699,5.276504,5.009032,4.825105,4.67008,4.536942,4.520783,4.626842,4.439396,4.230618,4.159652,4.132278,4.255857,4.22364,3.864639,3.76297,3.711857,3.778296,3.655223,4.109104
Fiji,FJI,Employment in agriculture (% of total employment) (modeled ILO estimate),SL.AGR.EMPL.ZS,17.7367,18.56432,20.20781,21.53067,22.76208,24.17842,26.42183,27.55077,28.24551,28.63684,29.26243,29.3266,29.62916,29.8076,30.18432,30.54991,30.78288,30.38079,30.41191,30.60518,29.9644,29.50183,29.38256,29.42871,28.87713
France,FRA,Employment in agriculture (% of total employment) (modeled ILO estimate),SL.AGR.EMPL.ZS,4.637164,4.41113,4.243343,4.142739,4.070148,4.131203,4.254045,3.873721,3.63654,3.733295,3.454135,2.737887,2.930749,2.907591,2.909444,2.918836,3.074686,2.845329,2.713382,2.864217,2.605672,2.49665,2.515296,2.350046,2.509172
Faroe Islands,FRO,Employment in agriculture (% of total employment) (modeled ILO estimate),SL.AGR.EMPL.ZS,,,,,,,,,,,,,,,,,,,,,,,,,
"Micronesia, Fed. Sts.",FSM,Employment in agriculture (% of total employment) (modeled ILO estimate),SL.AGR.EMPL.ZS,,,,,,,,,,,,,,,,,,,,,,,,,
Gabon,GAB,Employment in agriculture (% of total employment) (modeled ILO estimate),SL.AGR.EMPL.ZS,41.31337,40.35418,40.77577,40.76076,40.02191,39.61029,39.07976,38.73629,38.34216,38.13488,37.30335,37.27542,36.63701,35.91562,35.19148,34.40435,33.58655,32.82503,32.07689,31.45755,31.0473,30.62014,29.99991,29.63982,29.00427
United Kingdom,GBR,Employment in agriculture (% of total employment) (modeled ILO estimate),SL.AGR.EMPL.ZS,1.854229,1.718116,1.553944,1.534506,1.392294,1.385764,1.248837,1.27648,1.376775,1.352435,1.366008,1.080865,1.110425,1.215894,1.220258,1.188861,1.058777,1.25617,1.138458,1.125685,1.163051,1.070025,1.047265,1.040481,1.02975
Georgia,GEO,Employment in agriculture (% of total employment) (modeled ILO estimate),SL.AGR.EMPL.ZS,48.07953,48.55392,52.25329,52.16938,52.78728,53.77341,54.89329,54.00066,54.33697,55.30819,53.42995,51.30747,49.3488,48.08712,48.62088,47.12856,47.32597,46.05986,44.04818,43.81422,43.12727,38.89953,38.1471,41.05473,40.37326
Ghana,GHA,Employment in agriculture (% of total employment) (modeled ILO estimate),SL.AGR.EMPL.ZS,57.19781,56.07885,54.94506,53.12669,53.55999,53.92469,54.24986,54.52063,54.67341,54.89645,51.8922,48.6171,45.39769,41.99545,42.9755,44.20583,45.3795,40.42176,35.17759,38.71206,42.01842,41.03188,40.21559,39.99625,39.49324
Gibraltar,GIB,Employment in agriculture (% of total employment) (modeled ILO estimate),SL.AGR.EMPL.ZS,,,,,,,,,,,,,,,,,,,,,,,,,
Guinea,GIN,Employment in agriculture (% of total employment) (modeled ILO estimate),SL.AGR.EMPL.ZS,72.15881,71.70541,71.62967,71.33908,70.76848,70.45041,68.85097,68.69721,68.39218,68.48627,67.53513,67.15073,67.22379,66.71229,65.70135,65.00591,64.25536,63.72438,62.92217,61.76426,61.05382,60.29454,59.59873,59.76257,59.18773
"Gambia, The",GMB,Employment in agriculture (% of total employment) (modeled ILO estimate),SL.AGR.EMPL.ZS,54.76394,54.49203,54.36708,53.90866,53.44046,54.228,53.85087,53.31734,54.03251,53.63087,53.10877,53.04124,52.44947,52.10402,52.76969,52.19905,51.81326,51.93055,51.77229,51.87683,50.86187,49.60682,48.70561,49.03005,48.52188
Guinea-Bissau,GNB,Employment in agriculture (% of total employment) (modeled ILO estimate),SL.AGR.EMPL.ZS,59.65184,61.74816,61.90603,60.89655,60.1455,61.202,61.16048,60.72424,60.34245,59.7793,59.41738,59.54304,58.72198,58.28244,57.01617,57.74276,56.99268,56.4514,56.4862,55.54482,55.21003,51.87905,51.02494,50.92699,50.33844
Equatorial Guinea,GNQ,Employment in agriculture (% of total employment) (modeled ILO estimate),SL.AGR.EMPL.ZS,62.07959,61.24525,60.54209,59.9135,58.61404,57.76816,57.09625,56.15258,55.58357,55.29281,54.36449,53.48321,53.27377,54.05611,53.8769,53.70167,54.05625,54.20107,54.68291,55.21249,55.73853,55.39997,55.74711,56.1105,55.5397
Greece,GRC,Employment in agriculture (% of total employment) (modeled ILO estimate),SL.AGR.EMPL.ZS,19.84183,17.88888,17.42981,17.39564,15.86793,15.22598,15.03248,12.37127,12.15896,11.72443,11.32974,11.14431,11.69595,12.39638,12.34917,13.00411,13.69269,13.5705,12.89789,12.37274,12.08096,12.26772,11.59859,10.63116,11.35698
Grenada,GRD,Employment in agriculture (% of total employment) (modeled ILO estimate),SL.AGR.EMPL.ZS,,,,,,,,,,,,,,,,,,,,,,,,,
Greenland,GRL,Employment in agriculture (% of total employment) (modeled ILO estimate),SL.AGR.EMPL.ZS,,,,,,,,,,,,,,,,,,,,,,,,,
Guatemala,GTM,Employment in agriculture (% of total employment) (modeled ILO estimate),SL.AGR.EMPL.ZS,36.73981,37.55581,38.66259,39.7695,40.02858,40.21833,33.52112,36.15969,34.71024,33.23151,33.31576,33.35545,33.45781,33.50016,37.56664,32.25692,30.88097,31.53357,31.87574,29.37739,31.77957,32.91627,31.08465,30.84528,29.1737
Guam,GUM,Employment in agriculture (% of total employment) (modeled ILO estimate),SL.AGR.EMPL.ZS,0.5680298,0.5508726,0.5327667,0.5126367,0.4877365,0.463516,0.4418699,0.4189965,0.3984426,0.3825555,0.3647708,0.3472544,0.331908,0.3173104,0.3064258,0.2950736,0.2840531,0.2752565,0.2653854,0.2578627,0.2506746,0.2452189,0.237952,0.2374406,0.2373353
Guyana,GUY,Employment in agriculture (% of total employment) (modeled ILO estimate),SL.AGR.EMPL.ZS,28.2831,27.63294,25.71865,25.20772,23.43857,22.1771,22.11993,21.80708,22.56703,22.0224,21.16542,20.94794,20.59812,20.2098,19.76321,19.15639,18.71175,18.71987,18.75202,18.76485,18.5064,15.9148,15.29822,12.21986,13.07871
High income,HIC,Employment in agriculture (% of total employment) (modeled ILO estimate),SL.AGR.EMPL.ZS,6.29767361228268,6.19388434135023,6.02034731162892,5.78616619267333,5.57975538996014,5.21324206740537,5.02779253738836,4.7193954139966,4.58172336949109,4.40608245628249,4.22693933388938,4.03245440324644,4.03525100308352,4.04591621691683,3.90905252238299,3.85329553665253,3.72422744738915,3.65309765230063,3.56738129575889,3.42724413455819,3.3351415383364,3.23720512568007,3.17725525544778,3.17484461914571,3.03400274843859
"Hong Kong SAR, China",HKG,Employment in agriculture (% of total employment) (modeled ILO estimate),SL.AGR.EMPL.ZS,0.3551375,0.3208285,0.3179741,0.3137022,0.2353513,0.3039619,0.236329,0.2840709,0.2864953,0.264966,0.2042808,0.2640904,0.2711307,0.2524419,0.2403462,0.2393437,0.2314852,0.2236914,0.2175012,0.210438,0.2011929,0.1931826,0.1917856,0.1895583,0.1864319
Honduras,HND,Employment in agriculture (% of total employment) (modeled ILO estimate),SL.AGR.EMPL.ZS,37.00024,34.58643,35.06366,36.07328,36.93898,38.83101,37.35745,34.92441,33.10905,35.62278,33.9924,34.26708,35.49529,36.45165,35.30313,37.005,34.51667,28.83367,28.72208,27.35425,31.98484,30.95576,31.13848,25.21287,24.77261
Heavily indebted poor countries (HIPC),HPC,Employment in agriculture (% of total employment) (modeled ILO estimate),SL.AGR.EMPL.ZS,70.1774763185455,69.9529543658306,69.7120691554523,69.516828283888,69.5210150190647,69.1917843140721,68.719317191584,68.4171478453698,68.1379613300745,67.3599273319819,66.4411219981148,65.5938218619317,64.8200601967839,63.7363014927983,62.8570900097939,62.0002175510736,61.6101638816261,60.0854338930672,59.1102175587314,58.7119054604331,58.1668624733614,57.4886775210553,56.9258449958445,57.0587006776079,56.8539809150108
Croatia,HRV,Employment in agriculture (% of total employment) (modeled ILO estimate),SL.AGR.EMPL.ZS,17.77141,17.33158,16.96174,16.5005,15.98303,15.55079,16.86527,16.96522,17.30004,14.24694,12.35418,12.81689,13.32423,14.25433,14.58833,12.25346,10.78622,9.518781,9.227604,7.602441,6.979468,6.241023,6.194014,6.466039,6.808275
Haiti,HTI,Employment in agriculture (% of total employment) (modeled ILO estimate),SL.AGR.EMPL.ZS,52.35598,52.15355,51.93636,51.52645,51.10963,50.64338,50.42628,50.29313,50.34937,50.24222,50.09574,49.91541,49.65602,49.65322,49.40659,49.15488,48.72141,48.21433,47.74415,47.36946,47.01501,46.65937,46.44384,46.24643,45.57228
Hungary,HUN,Employment in agriculture (% of total employment) (modeled ILO estimate),SL.AGR.EMPL.ZS,7.81153,7.341826,6.953891,6.462465,6.186941,6.117812,5.381494,5.2606,4.866371,4.763694,4.586414,4.314589,4.609043,4.540587,4.88584,5.063673,4.777321,4.675261,4.900143,5.039774,5.036685,4.848234,4.722263,4.756917,4.395067
IBRD only,IBD,Employment in agriculture (% of total employment) (modeled ILO estimate),SL.AGR.EMPL.ZS,44.8423347828497,44.8687327118009,44.8996215284475,44.7309890345866,44.2644545489956,43.9219218254208,43.293508815104,41.61819905609,40.3621219223969,38.9045886210691,37.638564867917,36.8771851755279,36.0102997475285,35.1050890177112,33.7642894795724,32.5650257058939,31.3209290598048,30.1158874893371,29.3574983813287,28.6248925924801,28.0179203117401,27.2590365454702,26.5300556644777,27.2438665993563,26.7613711474067
IDA & IBRD total,IBT,Employment in agriculture (% of total employment) (modeled ILO estimate),SL.AGR.EMPL.ZS,47.7297876378591,47.7674152280716,47.7476321589377,47.598856339456,47.1150467434398,46.6843833921167,46.0484446152776,44.617021145409,43.5128972208279,42.2483288249987,41.1202813411308,40.446678712734,39.6588172533252,38.8004235253801,37.6504158332233,36.5879307032952,35.5626493353497,34.4800899187284,33.763217473539,33.1965012973679,32.6082522863162,31.889509651416,31.2754727647498,31.9698829031543,31.290009545353
IDA total,IDA,Employment in agriculture (% of total employment) (modeled ILO estimate),SL.AGR.EMPL.ZS,60.9315654023064,60.8825541740082,60.5278063105829,60.3647682477084,59.5974737691289,58.5721070056441,57.7270683044512,57.1758975199876,56.5432556622759,55.9569574310981,55.2943074397556,54.8260057335157,54.1275054173889,53.2445560982011,52.6674788744003,52.0154116703966,51.6060225339438,50.7049096616727,49.830541612372,49.5252268964507,48.6217571521255,47.7119984959554,47.3553037146644,47.2566187704886,46.7434757830567
IDA blend,IDB,Employment in agriculture (% of total employment) (modeled ILO estimate),SL.AGR.EMPL.ZS,47.2714035179767,47.5925146321089,47.333699059023,47.6143755296462,47.0618532180085,45.8325756928159,45.3679008304336,45.1186240883957,44.6735871261739,44.3259127156051,43.9249781161247,43.8323503230851,42.725732245547,42.0963752473502,41.6574258063653,40.8224209002218,40.100126455132,39.6949470251643,38.8500662332698,38.9963803718899,37.771370804466,36.5305175581867,36.5160547828341,36.5763360224387,35.9422878389324
Indonesia,IDN,Employment in agriculture (% of total employment) (modeled ILO estimate),SL.AGR.EMPL.ZS,40.75549,44.97375,43.23329,45.27798,43.77068,44.33825,46.37889,43.32995,43.99477,42.06412,41.26119,41.09618,40.45368,39.12809,37.1929,35.93074,34.97517,34.28241,33.04387,31.82045,30.79004,29.71325,28.72393,29.57159,28.9872
IDA only,IDX,Employment in agriculture (% of total employment) (modeled ILO estimate),SL.AGR.EMPL.ZS,66.9652091643829,66.7497095879617,66.391132122097,66.0926207061535,65.2761142217746,64.3668711931646,63.3639012378556,62.6867028251131,61.9573557339745,61.2588496013233,60.5127449453724,59.8922790398365,59.4189539125768,58.4422505775754,57.8096142023631,57.1700917885755,56.8051874260333,55.6962878081519,54.8157482183656,54.2808824878011,53.472600865597,52.6825660231196,52.172804312189,51.997867867042,51.9453713088642
Isle of Man,IMN,Employment in agriculture (% of total employment) (modeled ILO estimate),SL.AGR.EMPL.ZS,,,,,,,,,,,,,,,,,,,,,,,,,
India,IND,Employment in agriculture (% of total employment) (modeled ILO estimate),SL.AGR.EMPL.ZS,61.08086,60.68718,60.10669,59.64473,59.08598,58.44382,57.7151,56.75876,55.99824,55.09983,54.17196,53.3906,52.47509,51.51537,49.25777,47.00424,46.42778,45.7835,45.15931,44.52136,43.93962,43.32882,41.38738,44.30447,43.95999
Not classified,INX,Employment in agriculture (% of total employment) (modeled ILO estimate),SL.AGR.EMPL.ZS,,,,,,,,,,,,,,,,,,,,,,,,,
Ireland,IRL,Employment in agriculture (% of total employment) (modeled ILO estimate),SL.AGR.EMPL.ZS,10.91225,9.101892,8.640756,7.950437,7.113113,7.032472,6.498964,6.375154,5.905999,5.705541,5.442984,5.288894,5.591191,5.753526,5.72646,5.78603,5.777037,5.442036,5.336648,5.2852,5.047808,4.770046,4.434378,4.48231,4.492882
"Iran, Islamic Rep.",IRN,Employment in agriculture (% of total employment) (modeled ILO estimate),SL.AGR.EMPL.ZS,23.43618,23.25127,23.19524,22.74118,22.57308,22.09361,21.43131,21.11333,20.85274,20.43885,19.84063,19.53423,19.32428,18.02489,17.42328,18.38558,17.13455,16.93366,17.14575,16.68842,16.58549,16.65399,16.97914,16.72775,16.2515
Iraq,IRQ,Employment in agriculture (% of total employment) (modeled ILO estimate),SL.AGR.EMPL.ZS,30.50901,29.25073,28.35964,27.27997,27.00639,27.5077,27.58526,27.1525,26.99248,26.39584,25.95035,25.20431,24.6376,24.15543,23.69043,22.73761,22.19059,22.16012,21.63847,20.69883,20.81677,20.61042,20.05735,20.2741,19.81721
Iceland,ISL,Employment in agriculture (% of total employment) (modeled ILO estimate),SL.AGR.EMPL.ZS,9.084309,8.648002,8.91679,8.712749,7.712246,7.368567,6.984536,6.321118,6.530152,6.313996,5.919397,4.604421,4.834559,5.587272,5.488801,5.548559,4.44515,4.535801,4.238769,3.895249,3.757058,4.029725,4.036541,4.04321,4.024487
Israel,ISR,Employment in agriculture (% of total employment) (modeled ILO estimate),SL.AGR.EMPL.ZS,2.40236,2.328181,2.369436,2.200821,2.027064,2.009004,1.877184,2.041094,2.007106,1.764694,1.600719,1.696799,1.671459,1.602723,1.383337,1.108145,1.24307,1.111335,1.020601,1.017959,1.004276,0.9606484,0.9236776,0.9055978,0.8876005
Italy,ITA,Employment in agriculture (% of total employment) (modeled ILO estimate),SL.AGR.EMPL.ZS,5.880556,5.769551,5.420136,5.23053,5.207825,4.928384,4.715158,4.136906,4.198773,4.272876,3.96714,3.699053,3.690689,3.769219,3.681317,3.693079,3.601328,3.643572,3.751831,3.884373,3.78415,3.757786,3.890345,3.983195,4.050314
Jamaica,JAM,Employment in agriculture (% of total employment) (modeled ILO estimate),SL.AGR.EMPL.ZS,21.24068,20.99687,20.59483,20.85345,20.76594,20.12713,20.38493,18.48246,18.10833,18.27615,17.64099,17.48774,17.67185,17.713,17.59314,18.07379,18.19364,18.42391,17.74492,16.72248,16.76084,16.26109,15.23063,15.93649,15.54375
Jordan,JOR,Employment in agriculture (% of total employment) (modeled ILO estimate),SL.AGR.EMPL.ZS,4.442595,4.371307,4.292285,4.208073,4.074653,3.933903,4.048262,4.114455,3.968251,3.828215,3.706817,3.622967,3.557925,3.559568,3.546764,3.540144,3.531548,3.499667,3.468973,3.42837,3.375154,3.742369,3.356185,3.304796,3.246251
Japan,JPN,Employment in agriculture (% of total employment) (modeled ILO estimate),SL.AGR.EMPL.ZS,5.364807,5.29566,5.217257,4.947106,4.757792,4.561006,4.503654,4.486617,4.325865,4.16344,4.121542,4.104017,4.064163,3.938459,3.699158,3.752523,3.592824,3.524867,3.497725,3.383711,3.325158,3.396733,3.265643,3.249428,3.169765
Kazakhstan,KAZ,Employment in agriculture (% of total employment) (modeled ILO estimate),SL.AGR.EMPL.ZS,36.34801,36.44812,36.50247,36.18422,35.51979,35.47824,35.25403,33.50135,32.40524,31.53509,31.22453,30.16016,29.01663,28.28287,26.45394,25.53955,24.19434,20.9803,18.01286,17.51076,16.9415,16.32204,15.60106,15.47029,15.04865
Kenya,KEN,Employment in agriculture (% of total employment) (modeled ILO estimate),SL.AGR.EMPL.ZS,46.16379,45.88969,45.65513,45.56664,45.18236,44.94501,44.5861,44.07884,43.50655,42.73883,41.95986,41.56269,40.97344,40.13244,39.43818,38.69937,38.00925,37.26347,36.58966,35.86827,35.17625,34.30287,33.58759,33.63792,33.03382
Kyrgyz Republic,KGZ,Employment in agriculture (% of total employment) (modeled ILO estimate),SL.AGR.EMPL.ZS,48.28035,48.99995,52.38904,53.07056,52.92112,49.09719,43.23974,38.90509,38.49783,36.26907,34.48373,34.01393,32.87257,32.13324,31.08977,30.09195,31.66879,31.58595,29.30786,26.79266,23.55447,20.4287,18.14366,17.22514,16.57891
Cambodia,KHM,Employment in agriculture (% of total employment) (modeled ILO estimate),SL.AGR.EMPL.ZS,75.13976,75.54323,74.60939,73.47632,68.9338,67.46009,66.0993,64.04675,62.10682,60.10288,58.12696,55.92059,58.03858,54.78567,56.54766,53.19247,49.52267,45.99603,42.46842,37.54026,38.20638,39.02749,39.8681,39.42049,38.85376
Kiribati,KIR,Employment in agriculture (% of total employment) (modeled ILO estimate),SL.AGR.EMPL.ZS,,,,,,,,,,,,,,,,,,,,,,,,,
St. Kitts and Nevis,KNA,Employment in agriculture (% of total employment) (modeled ILO estimate),SL.AGR.EMPL.ZS,,,,,,,,,,,,,,,,,,,,,,,,,
"Korea, Rep.",KOR,Employment in agriculture (% of total employment) (modeled ILO estimate),SL.AGR.EMPL.ZS,10.77119,12.02348,11.34381,10.9656,10.40791,9.703685,9.07844,8.306924,7.862583,7.551779,7.237251,7.063833,6.923595,6.508023,6.26667,6.047202,5.893393,5.501278,5.232766,4.939146,4.923427,4.996522,5.142991,5.371204,5.346999
Kuwait,KWT,Employment in agriculture (% of total employment) (modeled ILO estimate),SL.AGR.EMPL.ZS,2.168693,2.213581,2.299875,2.375117,2.423982,2.463019,2.497,2.567777,2.642411,2.595405,2.549288,2.512657,2.467457,2.445407,2.414201,2.367611,2.322979,2.275785,2.204457,2.149602,2.106307,2.067569,2.013586,1.998711,1.977947
Latin America & Caribbean (excluding high income),LAC,Employment in agriculture (% of total employment) (modeled ILO estimate),SL.AGR.EMPL.ZS,21.8274986906031,20.6998144619022,21.1626555104331,20.4517113989221,20.6767939303434,20.6250107114795,20.2947399541894,19.958803600661,19.5499587539525,18.7931482551911,17.7087893138526,17.2026373262145,17.1224474023281,16.785862037375,16.616992354646,16.1821034416521,15.7984187207325,15.3781229285715,15.2114955304539,15.153784421198,15.1264706964924,15.0024238224323,14.5779369551039,15.5132856638762,14.9561832438404
Lao PDR,LAO,Employment in agriculture (% of total employment) (modeled ILO estimate),SL.AGR.EMPL.ZS,83.81725,83.2719,82.7014,81.90298,81.14207,80.45625,79.55008,78.54374,77.48791,76.63651,75.256,73.82714,72.67674,71.46062,70.13095,68.75024,67.17384,65.51797,64.03125,62.65419,61.04548,60.0531,59.18631,58.75777,58.09064
Lebanon,LBN,Employment in agriculture (% of total employment) (modeled ILO estimate),SL.AGR.EMPL.ZS,5.56456,5.464078,5.419458,5.335828,5.25975,5.199732,5.14074,4.990774,4.903141,4.821705,4.559903,4.298425,4.051062,3.89385,3.89991,3.903693,3.904287,3.906123,3.906432,3.855847,3.80342,3.770687,3.823768,3.901967,3.80847
Liberia,LBR,Employment in agriculture (% of total employment) (modeled ILO estimate),SL.AGR.EMPL.ZS,56.16058,54.55523,52.66767,50.682,51.5857,51.24445,54.10933,53.17042,51.93361,50.76506,49.66524,48.93195,48.42012,47.30612,46.00217,44.35605,42.60717,42.06474,41.3415,41.64942,40.61686,40.19576,40.71477,41.22857,40.64544
Libya,LBY,Employment in agriculture (% of total employment) (modeled ILO estimate),SL.AGR.EMPL.ZS,22.08275,21.89573,21.8669,21.55887,21.48427,21.60854,20.75047,20.3472,19.51268,18.95273,18.35033,18.06597,17.82046,17.35242,17.42081,18.00507,18.40707,19.05114,19.32336,19.24614,18.18909,17.40025,16.93514,16.77207,16.29515
St. Lucia,LCA,Employment in agriculture (% of total employment) (modeled ILO estimate),SL.AGR.EMPL.ZS,20.49419,23.1363,21.70701,21.07127,17.47558,14.30936,14.56105,16.43456,13.77272,14.02846,13.66694,13.29767,12.9818,12.58194,12.18217,11.8666,11.6014,11.2781,10.98769,10.67555,10.38009,11.27782,10.05726,7.620108,10.50206
Latin America & Caribbean,LCN,Employment in agriculture (% of total employment) (modeled ILO estimate),SL.AGR.EMPL.ZS,20.8408019678316,19.7863322603355,20.2311617314068,19.5986870873214,19.7466404250525,19.7260612111988,19.4696643983653,19.1202361339209,18.7042445784846,17.9580314369458,16.9235861540363,16.4581403437193,16.3937410187686,16.078834275224,15.8749012658647,15.4628157746784,15.0881369227085,14.6702428601825,14.4888040273165,14.4227897271798,14.5003763251098,14.4648982833912,14.1773303005674,15.0203245715986,14.5154298471045
Least developed countries: UN classification,LDC,Employment in agriculture (% of total employment) (modeled ILO estimate),SL.AGR.EMPL.ZS,69.257519012835,69.0074184502216,68.6598571611172,68.2884407876343,67.399821888059,66.3991599297463,65.3989020115232,64.7089501834527,64.0788098436454,63.4079510886623,62.8163665915708,62.3659123546551,62.0017347923674,61.1799350667196,60.5730816448388,59.8526475397698,59.4781357046767,58.5120070868867,57.7217600439842,57.1150327366447,56.1395077638696,55.299380428467,54.7589926052469,54.6028691016211,54.8347912453217
Low income,LIC,Employment in agriculture (% of total employment) (modeled ILO estimate),SL.AGR.EMPL.ZS,69.931445925597,69.8829568596942,69.6623998392257,69.7046374455969,69.5159787013775,69.2380329303808,68.9168540908269,68.6999775060249,68.5467249175615,67.7618578782816,66.9926459716262,66.2604003360379,65.6489979076803,64.5950238035681,63.635380993706,62.8267433226178,62.7567250446417,61.7014237667061,61.022918732536,60.553142178482,59.8724003298426,59.2466171649252,58.6288083645198,58.797366601231,58.753957138266
Liechtenstein,LIE,Employment in agriculture (% of total employment) (modeled ILO estimate),SL.AGR.EMPL.ZS,,,,,,,,,,,,,,,,,,,,,,,,,
Sri Lanka,LKA,Employment in agriculture (% of total employment) (modeled ILO estimate),SL.AGR.EMPL.ZS,37.3602,41.578,39.72838,37.77545,36.23913,34.47553,34.00087,34.96015,32.9585,33.11446,32.4586,33.47089,33.48904,30.94336,30.7775,30.99421,30.21959,28.8697,28.66242,27.10065,26.07381,25.49788,25.32719,26.17664,25.74604
Lower middle income,LMC,Employment in agriculture (% of total employment) (modeled ILO estimate),SL.AGR.EMPL.ZS,54.9662858447292,54.7128904052632,54.3001297657969,53.9877614548323,53.2612771106547,52.3187725910738,51.3873357801051,50.5265697960422,49.623100385879,48.8134143324715,47.9751892329067,47.4329421745501,46.6559923374153,45.9261790915221,44.7864635876537,43.4509927253486,42.8391395866479,42.1810160765505,41.3283125512776,40.7226555822938,39.9481084124173,39.0188169739969,37.9587558004378,39.069190621824,38.3469810658164
Low & middle income,LMY,Employment in agriculture (% of total employment) (modeled ILO estimate),SL.AGR.EMPL.ZS,48.3019749942852,48.3393484234349,48.2811731964823,48.1088702396613,47.6156348400331,47.1885961998701,46.5424861351667,45.122965595343,44.0157744414397,42.7691294344642,41.6492534529845,40.9803158399022,40.1790525643788,39.3010586847626,38.1484760263465,37.0727807487342,36.0379610916293,34.9545967222881,34.2394543278302,33.678016928642,33.0752555443318,32.3410977524384,31.6978214490157,32.3932209596689,31.7108537683043
Lesotho,LSO,Employment in agriculture (% of total employment) (modeled ILO estimate),SL.AGR.EMPL.ZS,49.98751,48.96666,47.83866,46.1953,44.71461,43.24403,41.35297,39.68843,37.83987,35.89937,34.03556,32.21025,32.1566,31.65167,31.30722,30.73693,30.60767,30.44034,30.1807,30.02108,30.18649,30.25925,29.83415,30.47454,29.96631
Late-demographic dividend,LTE,Employment in agriculture (% of total employment) (modeled ILO estimate),SL.AGR.EMPL.ZS,43.4783331617479,43.4871029527582,43.8080096714365,43.6281548471699,43.1832345858244,42.8536031829815,42.0131076945829,40.0998702972484,38.4398713044089,36.6388099656224,35.0159519745765,33.9808869484303,32.8469297329383,31.7809142124692,30.5045707045586,29.5593718248397,27.8493060012957,26.2104401422077,25.4001316328737,24.6213079249209,23.9302970542817,23.1384173999018,22.407645679514,22.1290318069134,21.6008142894864
Lithuania,LTU,Employment in agriculture (% of total employment) (modeled ILO estimate),SL.AGR.EMPL.ZS,20.65823,19.55703,19.98893,19.24113,17.57328,18.64134,18.71281,16.28425,14.27111,13.83253,11.32541,8.064571,8.983941,8.830447,8.486115,8.796731,8.422826,9.165992,9.068976,7.975527,7.784074,7.182564,6.436174,5.689827,5.316668
Luxembourg,LUX,Employment in agriculture (% of total employment) (modeled ILO estimate),SL.AGR.EMPL.ZS,2.341269,2.919045,1.952209,2.444098,1.529092,1.969079,2.722643,1.960411,1.735738,1.828374,1.844655,1.665359,1.355339,1.103361,1.232352,1.325057,1.585993,1.4264,1.044573,1.02575,1.389077,1.053964,0.6816368,0.7757386,1.135719
Latvia,LVA,Employment in agriculture (% of total employment) (modeled ILO estimate),SL.AGR.EMPL.ZS,19.67044,19.02842,17.49161,14.92558,15.47093,16.22875,14.24364,13.30136,12.05124,11.46101,10.17991,7.957136,8.750786,8.614437,8.895137,8.373309,8.056217,7.503651,7.939184,7.691853,6.867551,6.972239,7.293753,7.219761,6.806129
"Macao SAR, China",MAC,Employment in agriculture (% of total employment) (modeled ILO estimate),SL.AGR.EMPL.ZS,0.1195024,0.1415407,0.1678735,0.1860156,0.213799,0.23216,0.243857,0.2486722,0.2713348,0.2791932,0.2878552,0.3260252,0.3806264,0.3792829,0.3788683,0.4060297,0.428544,0.5289742,0.7068022,0.8418589,0.9126784,1.018453,1.241904,1.280483,1.326935
St. Martin (French part),MAF,Employment in agriculture (% of total employment) (modeled ILO estimate),SL.AGR.EMPL.ZS,,,,,,,,,,,,,,,,,,,,,,,,,
Morocco,MAR,Employment in agriculture (% of total employment) (modeled ILO estimate),SL.AGR.EMPL.ZS,43.29837,43.44434,43.75957,44.01479,44.05812,44.38665,43.89529,45.82528,45.47558,43.39542,41.75721,40.69078,40.28826,40.03159,39.78664,39.2181,38.04418,37.25909,36.63237,36.02906,35.27226,34.58946,33.94238,34.98889,34.56329
Monaco,MCO,Employment in agriculture (% of total employment) (modeled ILO estimate),SL.AGR.EMPL.ZS,,,,,,,,,,,,,,,,,,,,,,,,,
Moldova,MDA,Employment in agriculture (% of total employment) (modeled ILO estimate),SL.AGR.EMPL.ZS,41.55527,45.67599,48.89636,50.8649,51.02751,49.64117,42.99937,40.49393,40.64518,33.5985,32.76142,31.06314,28.17336,27.52131,27.52682,26.45085,28.8101,32.42512,34.20042,36.56679,35.5338,39.31216,39.38083,38.18034,37.62635
Madagascar,MDG,Employment in agriculture (% of total employment) (modeled ILO estimate),SL.AGR.EMPL.ZS,76.68018,76.59832,76.48784,76.50584,76.49399,78.49919,77.98971,80.25998,81.9641,80.23004,78.19349,75.98413,75.17978,73.30675,71.26888,68.8729,71.19684,73.09937,74.64429,74.58736,74.50388,74.54815,74.18972,74.25458,73.90013
Maldives,MDV,Employment in agriculture (% of total employment) (modeled ILO estimate),SL.AGR.EMPL.ZS,17.72935,16.57856,15.50873,14.43977,15.9399,16.82552,17.79303,17.21323,17.4922,16.2198,15.42493,14.60126,14.02111,12.59738,11.21401,10.14512,9.007427,7.972797,8.32646,8.551278,8.716962,9.171635,10.00217,11.04547,10.52856
Middle East & North Africa,MEA,Employment in agriculture (% of total employment) (modeled ILO estimate),SL.AGR.EMPL.ZS,25.9915111076567,25.4709769340944,25.0245537201645,24.9882572454723,24.2300163034073,23.6839945705216,23.5227886876374,23.6314228462821,22.8914857389938,22.2588104794064,21.6506411612206,20.7600433502151,19.9288413730841,18.9818309182813,18.6941826702779,18.2309618501577,17.9652819031709,17.6160335537647,17.0925824504366,16.6395002984819,16.3244727411588,15.3988276144599,15.2371773922449,15.0682724847682,14.7868467983648
Mexico,MEX,Employment in agriculture (% of total employment) (modeled ILO estimate),SL.AGR.EMPL.ZS,23.409,19.32657,20.22116,17.40543,17.4603,17.3042,16.55173,15.83131,14.91569,14.25343,13.79239,13.73552,13.80529,13.92141,13.68806,13.72252,13.65262,13.77153,13.43125,13.10362,13.1179,12.61688,12.30098,12.47543,12.33283
Marshall Islands,MHL,Employment in agriculture (% of total employment) (modeled ILO estimate),SL.AGR.EMPL.ZS,,,,,,,,,,,,,,,,,,,,,,,,,
Middle income,MIC,Employment in agriculture (% of total employment) (modeled ILO estimate),SL.AGR.EMPL.ZS,46.7945619221791,46.8275191046567,46.7710129391075,46.5745441526544,46.0378273023677,45.5727302616495,44.8744728671176,43.3387029833932,42.1281503760462,40.8251354329902,39.6580898118764,38.9680909088207,38.1137678598331,37.2239482339509,36.0248952240458,34.8947441228775,33.731957652294,32.6088017896978,31.846335332178,31.2253004249892,30.5779878793239,29.7831783544875,29.1094266408535,29.7417101646203,29.0626812156476
North Macedonia,MKD,Employment in agriculture (% of total employment) (modeled ILO estimate),SL.AGR.EMPL.ZS,25.88706,25.65417,25.269,24.47197,24.15964,23.92353,22.03823,17.81854,18.97917,20.12408,18.24987,19.31304,17.97773,18.12929,18.74054,17.31174,18.73572,18.46427,17.86503,16.62725,16.24396,15.72184,13.92006,11.55415,10.82166
Mali,MLI,Employment in agriculture (% of total employment) (modeled ILO estimate),SL.AGR.EMPL.ZS,68.1757,67.41708,66.92215,67.03287,65.30138,65.10033,63.73574,63.97492,63.74155,63.50759,65.07337,66.43359,67.9004,68.98135,70.24947,72.34222,73.49532,66.70152,62.26587,64.90268,63.12611,63.00288,65.66985,68.06181,67.73251
Malta,MLT,Employment in agriculture (% of total employment) (modeled ILO estimate),SL.AGR.EMPL.ZS,2.327897,2.270042,2.199907,2.043424,2.344838,2.341837,2.459108,2.255785,2.095554,2.032686,1.820002,1.786835,1.461449,1.336916,1.165649,1.043064,1.262337,1.292112,1.467543,1.168169,0.9981342,0.9961388,1.011574,1.100676,0.8591134
Myanmar,MMR,Employment in agriculture (% of total employment) (modeled ILO estimate),SL.AGR.EMPL.ZS,63.35447,62.75973,62.33895,61.48259,60.55054,59.39855,58.23813,57.26022,56.24977,55.42187,54.34169,53.52744,52.93912,52.33711,52.35398,52.38486,52.34326,52.25576,51.68998,51.38179,51.33677,48.93753,49.7566,46.46758,
Middle East & North Africa (excluding high income),MNA,Employment in agriculture (% of total employment) (modeled ILO estimate),SL.AGR.EMPL.ZS,29.7029225404265,29.1159099722934,28.5838852649465,28.6714733729992,27.8427274779264,27.2577078230919,27.0939948432116,27.2000896174006,26.4039241422628,25.8044373633746,25.3136997793714,24.5419675399305,23.722506504961,22.728169495639,22.5747924518629,22.1530840592152,21.9048491798221,21.5938052799242,21.0320351580516,20.7063193364491,20.4162143847835,19.4099539274616,19.1565854337694,19.0467203860566,18.6316120681905
Montenegro,MNE,Employment in agriculture (% of total employment) (modeled ILO estimate),SL.AGR.EMPL.ZS,11.12478,10.84626,10.63072,10.32343,9.980643,9.652,9.3494,8.989828,8.629953,8.644849,8.654555,7.740163,6.991582,6.241108,5.549358,5.655506,4.513006,5.676545,7.719941,7.7434,7.936226,8.018858,7.149397,7.504725,7.355192
Mongolia,MNG,Employment in agriculture (% of total employment) (modeled ILO estimate),SL.AGR.EMPL.ZS,48.94791,49.73507,49.48376,48.64028,48.34795,44.9472,46.69219,41.55889,42.02521,40.97689,41.57824,40.58997,40.01384,33.52736,33.03238,35.01942,29.81671,27.97516,28.4532,30.36017,28.78245,26.66359,27.81512,25.14699,24.28524
Northern Mariana Islands,MNP,Employment in agriculture (% of total employment) (modeled ILO estimate),SL.AGR.EMPL.ZS,,,,,,,,,,,,,,,,,,,,,,,,,
Mozambique,MOZ,Employment in agriculture (% of total employment) (modeled ILO estimate),SL.AGR.EMPL.ZS,85.04539,84.35838,83.35045,82.97634,81.7496,80.92172,80.48325,79.98763,79.47647,78.85802,78.12614,77.63418,77.17685,76.5162,75.67738,74.82282,73.89055,73.09258,72.11621,71.80679,71.83897,71.54489,71.2526,70.83446,70.2906
Mauritania,MRT,Employment in agriculture (% of total employment) (modeled ILO estimate),SL.AGR.EMPL.ZS,42.7239,42.462,42.2196,42.19347,41.95378,41.47254,40.72068,39.96493,38.99535,37.74827,37.44642,37.05047,36.61258,36.01192,35.35543,34.77892,34.18027,33.59983,32.99222,32.62849,31.98338,31.37404,30.64142,30.14241,29.49037
Mauritius,MUS,Employment in agriculture (% of total employment) (modeled ILO estimate),SL.AGR.EMPL.ZS,12.53702,11.90428,11.20112,11.42953,11.73946,10.79903,12.77016,10.06522,10.02166,9.723374,9.351855,9.144159,9.038726,8.630062,7.725976,7.664426,7.151068,7.346036,7.544508,7.206918,6.954174,6.203211,5.584274,5.317968,5.147591
Malawi,MWI,Employment in agriculture (% of total employment) (modeled ILO estimate),SL.AGR.EMPL.ZS,74.16464,74.19756,74.21142,74.32322,74.94413,74.8048,74.1144,73.36841,72.82356,72.11703,70.66077,69.74889,68.7255,67.77662,67.06227,66.76804,66.05837,65.26893,64.73297,64.25194,63.66503,62.94659,62.39201,62.43581,61.91621
Malaysia,MYS,Employment in agriculture (% of total employment) (modeled ILO estimate),SL.AGR.EMPL.ZS,17.28556,18.79738,18.37222,18.36341,15.13182,14.92749,14.26777,14.55583,14.63755,14.63247,14.73004,13.9589,13.49623,13.30248,13.39134,13.25115,12.69298,12.58943,12.46907,11.36711,11.01605,10.59484,10.2274,9.950604,9.649141
North America,NAC,Employment in agriculture (% of total employment) (modeled ILO estimate),SL.AGR.EMPL.ZS,2.66020416950294,2.61009499512382,2.49166063170692,2.29145266981921,2.11342597563333,1.97186024226246,1.84101549452595,1.78072445085304,1.73709858354469,1.71332244717809,1.61955737592482,1.64797727421423,1.66181086450044,1.74667997129895,1.76094717953062,1.69937068356913,1.64063830819436,1.66732755730474,1.76655732949029,1.79876996414467,1.74151640179756,1.68483018106463,1.66135672840333,1.72577604217514,1.62675987605825
Namibia,NAM,Employment in agriculture (% of total employment) (modeled ILO estimate),SL.AGR.EMPL.ZS,38.49677,36.11995,33.66573,31.28954,31.22229,30.92603,30.45279,29.9686,30.44886,30.52703,30.59103,31.02213,31.45981,31.71089,29.53393,27.36764,31.39222,29.32111,24.41683,20.07139,21.38913,22.59067,22.10058,22.38087,22.11936
New Caledonia,NCL,Employment in agriculture (% of total employment) (modeled ILO estimate),SL.AGR.EMPL.ZS,6.530539,5.986473,5.39878,4.816887,4.776476,4.722728,4.66718,4.620075,4.569093,4.313029,4.278096,4.0193,4.029956,4.019391,4.012357,4.028317,4.043612,4.051745,3.963102,3.879153,3.799154,3.735077,3.655575,3.630036,3.609203
Niger,NER,Employment in agriculture (% of total employment) (modeled ILO estimate),SL.AGR.EMPL.ZS,78.41925,78.21832,78.40737,78.68403,78.66172,78.58694,78.72137,78.80779,78.48438,78.18704,78.08038,77.78558,77.60717,77.19238,77.06068,74.54763,74.04833,73.42438,73.04749,72.73293,72.40559,71.87001,71.31016,71.13869,70.71602
Nigeria,NGA,Employment in agriculture (% of total employment) (modeled ILO estimate),SL.AGR.EMPL.ZS,50.79797,50.43721,50.0396,49.2726,48.565,47.92553,46.8777,45.55516,44.87226,44.1769,43.50106,42.85565,42.16732,41.3431,40.58178,39.46394,38.27072,37.52303,37.0064,36.67591,36.29753,35.91854,35.51901,35.75922,35.20511
Nicaragua,NIC,Employment in agriculture (% of total employment) (modeled ILO estimate),SL.AGR.EMPL.ZS,34.66117,34.20382,33.5266,33.13916,32.46694,31.56169,30.5347,30.30508,28.89296,29.153,29.6059,28.15943,28.66207,29.73467,30.83016,31.80559,31.58282,31.39024,30.87739,30.30412,29.75253,29.25525,28.76692,29.17457,28.70752
Netherlands,NLD,Employment in agriculture (% of total employment) (modeled ILO estimate),SL.AGR.EMPL.ZS,3.705616,3.489613,3.210889,3.282895,3.122081,2.936369,3.040602,3.313006,3.701353,3.647624,3.335179,3.165093,3.131017,3.0617,2.783802,2.732651,2.095265,2.292213,2.319637,2.262312,2.268251,2.098273,2.078814,2.068772,2.256724
Norway,NOR,Employment in agriculture (% of total employment) (modeled ILO estimate),SL.AGR.EMPL.ZS,5.086659,4.737615,4.598545,4.290436,4.086617,3.948497,3.829552,3.584483,3.299851,3.251593,2.864047,2.64052,2.700107,2.548247,2.368834,2.227067,2.207395,2.249757,2.009812,2.089708,2.063193,2.104862,2.039814,2.116523,2.347405
Nepal,NPL,Employment in agriculture (% of total employment) (modeled ILO estimate),SL.AGR.EMPL.ZS,74.50378,73.51395,72.40076,72.62073,72.73709,73.21564,73.19426,72.93393,72.59587,70.80859,69.95444,69.22106,68.53783,67.88451,67.33437,66.74541,66.22589,65.54438,64.96552,64.5966,63.79161,63.01181,62.3022,62.80514,62.26386
Nauru,NRU,Employment in agriculture (% of total employment) (modeled ILO estimate),SL.AGR.EMPL.ZS,,,,,,,,,,,,,,,,,,,,,,,,,
New Zealand,NZL,Employment in agriculture (% of total employment) (modeled ILO estimate),SL.AGR.EMPL.ZS,8.643408,8.54008,9.421095,8.705371,9.130433,8.823511,8.184157,7.566769,7.156579,7.196623,7.165979,6.985279,6.637596,6.870506,6.929331,6.819709,6.428135,6.227125,6.115586,6.595588,6.311843,5.889187,5.823697,6.006559,6.056066
OECD members,OED,Employment in agriculture (% of total employment) (modeled ILO estimate),SL.AGR.EMPL.ZS,8.39803059818511,8.03689464090412,7.87408424804832,7.30811553151142,7.26592248268769,7.01086722734654,6.79663245198849,6.33353138074685,6.10851386642096,5.8541212643694,5.60533300296373,5.48217575481845,5.52325337856941,5.6268726692348,5.60127518172835,5.57313651487896,5.44884545683622,5.3291311090233,5.2692835049931,5.15870741949919,5.1332727886193,5.01130882954779,4.85893644914088,4.82320410983295,4.76228139982632
Oman,OMN,Employment in agriculture (% of total employment) (modeled ILO estimate),SL.AGR.EMPL.ZS,7.057556,6.816175,6.623607,6.393048,6.660557,6.967177,7.296759,7.613254,7.935177,8.203465,8.418843,8.61672,6.755557,5.15779,5.24017,5.247045,5.273987,5.291832,5.251382,4.893672,4.65444,4.360339,4.226548,4.184162,4.122944
Other small states,OSS,Employment in agriculture (% of total employment) (modeled ILO estimate),SL.AGR.EMPL.ZS,29.4011760885323,29.145841700714,28.7733126806663,27.8397244523219,27.2287716036548,27.1278802173068,26.900237098777,26.4347001336804,26.1429263328372,25.4097540872715,24.2155927906385,23.1774861789844,22.706396196749,22.4451945211271,22.1678744027148,21.913609135642,21.8649881747281,21.3492316781509,20.7765599541246,20.1008557924115,19.8560356044018,19.519680804045,19.2646899812111,19.8735150375563,19.8549582946713
Pakistan,PAK,Employment in agriculture (% of total employment) (modeled ILO estimate),SL.AGR.EMPL.ZS,42.02898,43.4833,43.40865,45.07853,44.58785,42.09145,42.09074,43.06945,43.06812,43.38858,43.63163,44.69526,43.30769,43.38948,43.49343,42.86045,42.23656,42.2332,41.01001,42.26807,39.84668,37.41642,38.3089,38.34922,37.54371
Panama,PAN,Employment in agriculture (% of total employment) (modeled ILO estimate),SL.AGR.EMPL.ZS,18.6497,17.75829,17.43578,16.97041,18.05926,17.35452,17.47879,16.01264,15.68085,15.94762,14.7389,17.90452,18.03959,17.42074,16.54947,16.71276,16.35815,15.70295,14.67317,15.36168,14.49426,14.20712,14.40703,14.06161,15.665
Peru,PER,Employment in agriculture (% of total employment) (modeled ILO estimate),SL.AGR.EMPL.ZS,37.1568,37.51248,37.65963,37.3744,37.50397,36.67579,37.83941,33.97449,33.84402,32.72956,29.20555,28.43563,27.75239,26.80542,27.05899,26.14643,26.01843,26.36795,26.97869,27.0293,26.19584,26.12679,25.56845,33.65575,27.85823
Philippines,PHL,Employment in agriculture (% of total employment) (modeled ILO estimate),SL.AGR.EMPL.ZS,40.38301,38.6276,38.84762,37.09464,36.82593,36.60443,36.12357,35.63688,35.14534,34.64214,34.08017,33.85326,33.75867,32.95303,32.61233,32.16137,31.04956,30.42013,29.1892,26.98597,25.43975,24.29322,22.85808,24.76948,24.26836
Palau,PLW,Employment in agriculture (% of total employment) (modeled ILO estimate),SL.AGR.EMPL.ZS,,,,,,,,,,,,,,,,,,,,,,,,,
Papua New Guinea,PNG,Employment in agriculture (% of total employment) (modeled ILO estimate),SL.AGR.EMPL.ZS,36.3793,36.26416,36.21186,36.77981,36.06598,35.78055,34.96859,33.82094,32.58,31.24133,29.57544,28.89459,27.50507,25.74671,25.06447,23.6727,23.01678,21.85061,21.10829,20.47484,20.03649,19.74101,19.22296,17.75801,17.18025
Poland,POL,Employment in agriculture (% of total employment) (modeled ILO estimate),SL.AGR.EMPL.ZS,20.59265,19.83016,19.18333,18.67077,19.19595,19.63231,18.19593,17.60557,17.37806,15.7911,14.74489,13.971,13.28454,13.05419,12.908,12.57882,11.99883,11.49087,11.53423,10.58419,10.22173,9.618485,9.153646,9.591492,8.398766
Pre-demographic dividend,PRE,Employment in agriculture (% of total employment) (modeled ILO estimate),SL.AGR.EMPL.ZS,63.5229666384583,63.1849035192104,62.9244285623055,62.5166994248087,62.1801456847682,61.6198218380098,60.9181158057484,60.3750394585655,59.9428985260615,59.1776320608767,58.5461363665513,58.0075757298199,57.3937027214155,56.5215818377043,55.6966117486286,54.8101154603886,54.512640750095,53.5054606057636,52.8669492340137,52.4528250935275,51.9390139237204,51.4731286468403,51.0941581017382,51.2066964968264,50.8667777596613
Puerto Rico,PRI,Employment in agriculture (% of total employment) (modeled ILO estimate),SL.AGR.EMPL.ZS,2.826862,2.460421,2.185354,1.891695,2.024657,1.962465,2.0,2.118973,2.076662,1.436515,1.128129,1.488829,1.486398,1.541051,1.561041,1.549369,1.50823,1.469837,1.428862,1.3843,1.338147,1.29215,1.24674,1.224965,1.206519
"Korea, Dem. People's Rep.",PRK,Employment in agriculture (% of total employment) (modeled ILO estimate),SL.AGR.EMPL.ZS,52.9343,52.86089,52.31521,52.04197,51.47266,51.08193,50.58721,50.1095,49.46778,49.21642,48.96357,48.38326,48.12166,47.82851,47.45385,46.99534,46.53049,46.06479,45.78812,45.10711,45.06892,45.06438,44.59348,44.1608,43.50682
Portugal,PRT,Employment in agriculture (% of total employment) (modeled ILO estimate),SL.AGR.EMPL.ZS,13.28504,13.9315,12.79319,12.68099,13.17031,12.62503,12.97321,12.29691,12.05134,11.9086,11.84166,11.43976,11.44709,11.1983,10.20955,10.80732,10.22951,8.647508,7.530151,6.913296,6.400252,6.044384,5.497557,5.37307,5.153892
Paraguay,PRY,Employment in agriculture (% of total employment) (modeled ILO estimate),SL.AGR.EMPL.ZS,27.84346,27.49517,28.88665,31.85647,31.92622,33.82808,31.32628,32.75007,32.01626,30.30914,28.66881,25.29627,27.95721,25.62074,25.51702,26.14074,22.82331,22.0836,19.70203,21.32409,20.17776,20.07689,18.72229,21.27451,19.71427
West Bank and Gaza,PSE,Employment in agriculture (% of total employment) (modeled ILO estimate),SL.AGR.EMPL.ZS,14.90633,14.26782,13.93127,14.06033,12.24281,15.39119,16.23658,16.35719,15.03265,16.74191,16.0558,13.3702,11.81622,11.81082,12.20231,11.48315,10.54482,10.39895,8.657515,7.360896,6.710046,6.320938,6.045295,6.354099,6.661146
Pacific island small states,PSS,Employment in agriculture (% of total employment) (modeled ILO estimate),SL.AGR.EMPL.ZS,35.1412329734667,35.2989386705317,36.0012852129712,36.793225781337,37.009662818574,38.2535167972342,39.2449074810306,39.6140856845946,39.4982139241695,39.2544306243727,39.0675737576102,38.6199977205691,38.4843593469793,38.7454052414026,38.1761575486131,38.1582721429882,38.0485384921383,37.7010992857688,37.30523807203,36.9342356014506,36.1427023303866,35.5855181796386,35.2806847022633,35.2464587247248,34.7192117479164
Post-demographic dividend,PST,Employment in agriculture (% of total employment) (modeled ILO estimate),SL.AGR.EMPL.ZS,5.84860835691411,5.75419185048525,5.5579975128463,5.32409871141242,5.10434748235034,4.9488727405374,4.81225908961931,4.60056555413484,4.46056022774878,4.26733551632452,4.08267488499166,3.87406244123534,3.86983837580765,3.83919062338056,3.74272853864809,3.67396792308389,3.55568801181412,3.45942037160373,3.43424555001917,3.39411143466638,3.31714479613251,3.24638516096753,3.19073524801632,3.21282215585707,3.13300700906841
French Polynesia,PYF,Employment in agriculture (% of total employment) (modeled ILO estimate),SL.AGR.EMPL.ZS,3.297531,3.760512,3.877605,4.401632,4.282876,3.871521,3.485929,3.444759,3.541215,3.65323,3.515164,3.386891,2.608637,2.729897,2.789761,2.694979,2.58717,2.530175,2.461735,2.378485,2.291583,2.219075,2.147984,2.124653,2.102676
Qatar,QAT,Employment in agriculture (% of total employment) (modeled ILO estimate),SL.AGR.EMPL.ZS,3.697603,3.238061,2.901968,2.597659,2.293532,2.435656,2.596677,2.748164,2.86633,2.968118,2.352689,1.569867,1.573987,1.464534,1.361584,1.354772,1.380097,1.313102,1.232988,1.215823,1.246197,1.22923,1.197101,1.196064,1.18943
Romania,ROU,Employment in agriculture (% of total employment) (modeled ILO estimate),SL.AGR.EMPL.ZS,40.87107,41.98141,44.01234,45.20494,44.42681,37.70683,37.68441,32.57204,32.29045,30.60397,29.52962,28.70426,29.09155,31.01144,29.25486,29.71217,29.25154,28.34834,25.58566,23.10309,22.7768,22.30654,21.24067,20.5051,18.60666
Russian Federation,RUS,Employment in agriculture (% of total employment) (modeled ILO estimate),SL.AGR.EMPL.ZS,12.15595,11.68733,15.00803,14.49239,12.04492,11.33581,10.80077,9.998997,10.14012,9.875646,8.992749,8.532575,8.268157,7.747276,7.686229,7.326127,6.992266,6.724431,6.709794,6.717756,5.901944,5.882628,5.833275,6.000813,5.801941
Rwanda,RWA,Employment in agriculture (% of total employment) (modeled ILO estimate),SL.AGR.EMPL.ZS,89.44128,89.37575,89.38828,89.09539,88.6899,87.71429,87.38177,86.55069,85.47916,84.22302,83.02104,81.5442,80.53891,79.30169,78.06486,76.61367,72.92138,68.45253,65.61141,62.97269,60.35656,56.81429,52.67843,55.48949,54.66548
South Asia,SAS,Employment in agriculture (% of total employment) (modeled ILO estimate),SL.AGR.EMPL.ZS,59.2798036296867,59.0943013660193,58.5469214305343,58.2583019500619,57.4600342089443,56.3748225392423,55.461504280467,54.6370526674931,53.8072889719001,53.1307420267808,52.3952402841582,51.8915175745706,50.9917738230037,50.1609216035501,48.368807877668,46.4842491307352,45.845610210869,45.2206524498723,44.5141533984912,44.0559800313617,43.0932477405003,42.2322845830544,40.7933171415503,42.9091360646081,42.4316490728544
Saudi Arabia,SAU,Employment in agriculture (% of total employment) (modeled ILO estimate),SL.AGR.EMPL.ZS,7.299835,7.195899,7.192156,7.127368,7.069297,7.032907,6.920772,6.818376,6.744899,6.662775,6.580229,6.506715,6.39877,6.333111,6.247192,6.162139,6.078595,5.991979,5.926357,4.553936,3.905838,3.052273,3.475679,3.17081,2.700271
Sudan,SDN,Employment in agriculture (% of total employment) (modeled ILO estimate),SL.AGR.EMPL.ZS,53.33369,52.88774,52.44803,51.72108,51.19295,50.77023,50.03762,49.2633,48.64399,47.77089,47.77945,46.94208,46.42476,45.9081,44.60177,44.59975,43.96639,43.35278,42.77752,41.70996,41.25926,41.0363,40.6868,41.19733,40.60549
Senegal,SEN,Employment in agriculture (% of total employment) (modeled ILO estimate),SL.AGR.EMPL.ZS,51.54919,50.87675,49.95695,49.28183,48.49372,46.97775,45.29066,43.29488,41.64574,39.84345,39.35187,39.11386,38.86098,38.18845,37.30752,36.15148,34.86473,32.94773,31.26126,34.31206,28.10363,22.24504,22.98974,22.59004,21.61168
Singapore,SGP,Employment in agriculture (% of total employment) (modeled ILO estimate),SL.AGR.EMPL.ZS,1.008756,0.8456631,0.9035222,0.8937934,0.8844501,0.8382123,0.8517807,0.8313635,1.068622,1.031039,0.9892823,0.966849,0.9250396,0.8642366,0.8504899,0.8029233,0.7487943,0.6656256,0.5790033,0.4773196,0.4444876,0.40347,0.4045587,0.3370616,0.32473
Solomon Islands,SLB,Employment in agriculture (% of total employment) (modeled ILO estimate),SL.AGR.EMPL.ZS,48.17661,47.70075,47.69799,48.53973,47.49155,49.23476,49.43028,48.88284,47.56748,46.84918,46.04447,45.28149,44.70788,44.28189,42.75396,42.21296,41.62859,41.45112,40.74624,40.22255,39.31412,38.8426,38.71067,38.60118,38.03976
Sierra Leone,SLE,Employment in agriculture (% of total employment) (modeled ILO estimate),SL.AGR.EMPL.ZS,70.38988,70.01858,69.87093,69.21944,69.64996,67.43191,66.64057,68.46181,68.46324,68.36356,67.52129,66.80607,66.40052,65.21574,64.0886,61.67801,59.15611,57.64925,56.96921,52.86385,49.17094,46.19471,44.47901,43.6498,42.71394
El Salvador,SLV,Employment in agriculture (% of total employment) (modeled ILO estimate),SL.AGR.EMPL.ZS,25.72212,25.08194,22.13614,21.6153,21.80816,19.74721,18.24187,19.1294,19.9923,18.8602,18.02019,18.68788,20.90832,20.77824,21.5936,20.97045,19.58583,18.76443,18.1105,18.67883,18.57482,16.70825,16.29396,15.65422,15.24868
San Marino,SMR,Employment in agriculture (% of total employment) (modeled ILO estimate),SL.AGR.EMPL.ZS,,,,,,,,,,,,,,,,,,,,,,,,,
Somalia,SOM,Employment in agriculture (% of total employment) (modeled ILO estimate),SL.AGR.EMPL.ZS,38.64531,38.62181,38.50248,38.36977,38.16209,37.83047,37.53299,37.31905,37.06488,36.93772,36.14297,36.04569,35.93776,35.81476,35.68211,35.63858,34.70892,33.40165,31.00579,29.63692,29.27373,28.1003,26.88612,26.76543,26.28237
Serbia,SRB,Employment in agriculture (% of total employment) (modeled ILO estimate),SL.AGR.EMPL.ZS,28.84569,28.33469,27.93175,27.15801,26.40181,25.38894,24.5572,24.05044,23.3208,20.53813,20.8075,25.04492,23.87421,22.34366,21.21912,20.96495,21.29,19.85682,19.40866,18.61215,17.21767,15.92554,15.61212,14.56355,13.92471
Sub-Saharan Africa (excluding high income),SSA,Employment in agriculture (% of total employment) (modeled ILO estimate),SL.AGR.EMPL.ZS,62.7096978173661,62.4777600710044,62.2120222090856,61.9098843747856,61.671599157036,61.3452996434548,60.9873016833349,60.5457152250739,60.2695054607934,59.6007412934462,58.9023186977014,58.3546307824911,57.8192550986851,57.0408698898852,56.2447958263042,55.5774871129275,55.319918972547,54.2137017156048,53.3853923980794,53.0999085004371,52.610488423846,52.0183904274876,51.582504056028,51.959543777602,51.5747061898451
South Sudan,SSD,Employment in agriculture (% of total employment) (modeled ILO estimate),SL.AGR.EMPL.ZS,66.11079,65.93147,65.79757,65.44119,65.01627,64.60157,64.15379,63.78763,63.39999,62.96039,62.58179,62.33197,62.39708,62.06693,62.40212,63.0308,62.04099,61.5751,61.98574,62.42402,62.63988,62.64797,62.32307,62.64622,62.12169
Sub-Saharan Africa,SSF,Employment in agriculture (% of total employment) (modeled ILO estimate),SL.AGR.EMPL.ZS,62.7096978173662,62.4777600710044,62.2120222090856,61.9098843747856,61.671599157036,61.3452996434548,60.9873016833349,60.5457152250739,60.2695054607934,59.6007412934462,58.9023186977014,58.3546307824911,57.8192550986851,57.0408698898852,56.2447958263042,55.5774871129275,55.319918972547,54.2137017156048,53.3853923980794,53.0999085004371,52.610488423846,52.0183904274876,51.582504056028,51.959543777602,51.5747061898451
Small states,SST,Employment in agriculture (% of total employment) (modeled ILO estimate),SL.AGR.EMPL.ZS,26.7606306450548,26.4438563341693,26.1847352703106,25.5312287317337,25.0784538815465,24.9296826371332,24.8076333303517,24.2077326701823,23.9120167506129,23.4178682814195,22.4850373800108,21.7369720480673,21.47616160337,21.3300474294896,21.1001728934203,20.9245924171984,20.8711114408297,20.4873262918189,19.9963579195777,19.406098850485,19.1703439785188,18.8043407925962,18.514250065895,19.083501039543,19.0304416689957
Sao Tome and Principe,STP,Employment in agriculture (% of total employment) (modeled ILO estimate),SL.AGR.EMPL.ZS,35.8741,34.6184,33.48969,32.47073,31.30112,30.28891,29.21384,29.3049,27.91128,26.19691,25.57441,24.3245,23.7515,22.97738,22.33887,21.78787,21.17879,20.49199,19.98717,19.44314,18.93933,18.52527,18.19343,18.35179,18.04521
Suriname,SUR,Employment in agriculture (% of total employment) (modeled ILO estimate),SL.AGR.EMPL.ZS,5.446642,5.796622,6.887607,7.217694,7.429656,8.021079,8.113149,8.437498,8.265169,7.945353,7.682104,7.540987,7.388396,7.161818,6.89666,6.841673,6.731692,6.87223,7.278675,7.682331,7.714579,7.530275,7.634594,8.040625,7.881003
Slovak Republic,SVK,Employment in agriculture (% of total employment) (modeled ILO estimate),SL.AGR.EMPL.ZS,9.170048,8.136488,7.247095,6.935215,6.257531,6.587392,6.0009,5.092604,4.750538,4.38703,4.210671,3.955638,3.58819,3.234275,3.078615,3.236953,3.309305,3.497848,3.179417,2.887199,2.707959,2.293162,2.786222,2.581196,2.47057
Slovenia,SVN,Employment in agriculture (% of total employment) (modeled ILO estimate),SL.AGR.EMPL.ZS,12.14358,12.06964,10.84423,9.601521,9.943837,9.659602,8.435691,9.77801,9.112721,9.586295,9.888683,8.590372,9.121967,8.817504,8.59843,8.393735,8.501624,9.627139,7.077757,5.024268,5.562371,5.481421,4.284414,4.096176,4.056304
Sweden,SWE,Employment in agriculture (% of total employment) (modeled ILO estimate),SL.AGR.EMPL.ZS,3.244769,3.049027,2.988463,2.907188,2.644615,2.521866,2.546973,2.48499,2.320772,2.22612,2.251195,2.121047,2.177047,2.100521,1.98946,2.059412,2.032667,1.974932,2.036819,1.885494,1.830949,1.733298,1.690581,1.728915,1.971352
Eswatini,SWZ,Employment in agriculture (% of total employment) (modeled ILO estimate),SL.AGR.EMPL.ZS,20.72175,20.46055,20.1735,19.99494,19.6294,19.16376,18.66329,18.05745,17.55252,17.01631,16.51625,16.09493,15.6769,15.27544,14.88491,14.47661,14.09868,13.78351,13.47983,13.2046,12.9231,12.66393,12.40624,12.69884,12.40864
Sint Maarten (Dutch part),SXM,Employment in agriculture (% of total employment) (modeled ILO estimate),SL.AGR.EMPL.ZS,,,,,,,,,,,,,,,,,,,,,,,,,
Seychelles,SYC,Employment in agriculture (% of total employment) (modeled ILO estimate),SL.AGR.EMPL.ZS,,,,,,,,,,,,,,,,,,,,,,,,,
Syrian Arab Republic,SYR,Employment in agriculture (% of total employment) (modeled ILO estimate),SL.AGR.EMPL.ZS,27.97784,27.91199,27.83499,32.8933,30.57415,30.27821,26.97686,24.35182,21.97824,19.74223,19.13783,14.44652,14.93147,14.75772,13.23207,13.69897,14.39636,14.52758,14.22258,14.10497,13.81468,13.45844,13.0646,12.86938,12.48579
Turks and Caicos Islands,TCA,Employment in agriculture (% of total employment) (modeled ILO estimate),SL.AGR.EMPL.ZS,,,,,,,,,,,,,,,,,,,,,,,,,
Chad,TCD,Employment in agriculture (% of total employment) (modeled ILO estimate),SL.AGR.EMPL.ZS,82.52601,81.91153,82.18172,82.56378,81.58725,80.68136,79.80814,77.99574,76.24598,76.46259,75.97142,75.73089,74.97158,74.5452,73.55603,72.66342,71.86021,70.8337,70.47881,71.14201,71.20103,70.38529,69.74416,69.46343,68.94536
East Asia & Pacific (IDA & IBRD countries),TEA,Employment in agriculture (% of total employment) (modeled ILO estimate),SL.AGR.EMPL.ZS,49.6337961143742,49.9502391205209,49.9127715196239,49.9533566167831,49.5119499747766,49.384838532968,48.6942257889196,46.400514604741,44.6997612704422,42.732100949286,41.1442359423393,40.1742984215865,38.930360113158,37.732169631738,36.2357730786538,35.1950023989964,33.2995300323872,31.5746412028736,30.5445500530363,29.4692746281717,28.7002930107001,27.7246222093828,26.8876987233181,26.5768692195691,25.4642536615907
Europe & Central Asia (IDA & IBRD countries),TEC,Employment in agriculture (% of total employment) (modeled ILO estimate),SL.AGR.EMPL.ZS,25.2512240699853,25.1600447593512,26.0600633542337,25.2105664079657,24.2601949249397,22.9900919226003,22.2947127776691,20.7139413904209,20.0968424753988,19.1370009696438,18.1859017395894,17.7529042520122,17.353527688373,17.1759355614907,17.0648241049681,16.6745135413147,16.3624959052278,15.6734053010776,15.329634766906,14.9344562264034,14.4250478761411,13.9733167696734,13.6596282975563,13.6016720646203,13.1224025962235
Togo,TGO,Employment in agriculture (% of total employment) (modeled ILO estimate),SL.AGR.EMPL.ZS,58.30697,57.63551,57.45922,56.81104,56.41262,56.05798,54.63868,54.1797,54.74237,53.74706,50.75796,48.01444,43.54131,39.9271,37.04621,37.07197,36.86628,36.69096,36.42399,35.20764,33.79228,32.76906,31.82534,31.51827,30.89868
Thailand,THA,Employment in agriculture (% of total employment) (modeled ILO estimate),SL.AGR.EMPL.ZS,52.52293,54.11882,51.74048,51.70787,47.60991,46.13151,44.90262,39.29028,38.67606,39.78234,39.53115,39.75113,38.99155,38.2445,41.00846,42.14297,39.30054,33.49304,32.33451,31.22905,31.52967,32.1983,31.49059,31.38948,31.5905
Tajikistan,TJK,Employment in agriculture (% of total employment) (modeled ILO estimate),SL.AGR.EMPL.ZS,60.93377,61.03882,60.76375,60.3934,59.32723,58.3421,57.08416,55.70788,55.36881,54.96811,54.39926,53.70628,53.1287,52.3393,51.63253,50.62821,49.34044,48.31362,47.32785,46.18944,45.51366,44.36609,43.57244,43.31242,42.59705
Turkmenistan,TKM,Employment in agriculture (% of total employment) (modeled ILO estimate),SL.AGR.EMPL.ZS,37.41964,37.19355,36.92612,36.33511,36.38582,36.18582,35.6778,35.21344,34.43885,33.93318,33.4709,33.04831,32.36221,31.59912,30.74766,29.89307,28.91611,27.89184,26.91543,26.06362,25.08993,24.2,23.24518,22.87097,22.32299
Latin America & the Caribbean (IDA & IBRD countries),TLA,Employment in agriculture (% of total employment) (modeled ILO estimate),SL.AGR.EMPL.ZS,20.8832208528544,19.8088843182932,20.3038871009417,19.6655901942367,19.8363379349347,19.8138218889018,19.5487715791726,19.1982838266325,18.790361105311,18.0286551096583,16.9909526349774,16.509716630118,16.432532828365,16.1089245587687,15.8745587756725,15.4610301296577,15.088984641207,14.6544431567154,14.4738702475204,14.4117534558535,14.4961170723641,14.4647433156498,14.1780865568888,15.0355321571107,14.5238907528459
Timor-Leste,TLS,Employment in agriculture (% of total employment) (modeled ILO estimate),SL.AGR.EMPL.ZS,54.85323,55.47943,57.99192,55.1874,52.18067,53.44545,53.50103,53.72034,52.94205,53.8748,52.58204,51.49093,49.58447,48.51842,49.29657,50.28919,50.9676,49.04124,47.17195,45.18868,44.51485,44.03532,42.41051,42.37879,41.62218
Middle East & North Africa (IDA & IBRD countries),TMN,Employment in agriculture (% of total employment) (modeled ILO estimate),SL.AGR.EMPL.ZS,29.817363473996,29.2297827584618,28.6948038111554,28.7852433626149,27.9407097436827,27.3263644137257,27.1658075377534,27.2696505666223,26.4811963315254,25.8669380908997,25.3807429808817,24.6194155961337,23.8090126280684,22.8085255602399,22.6605679832624,22.2418031464829,21.9994011482178,21.6891177354288,21.1398112136628,20.8213506940324,20.5338537925368,19.521555714623,19.2729188140676,19.1559360395451,18.7402273210306
Tonga,TON,Employment in agriculture (% of total employment) (modeled ILO estimate),SL.AGR.EMPL.ZS,35.33327,34.98575,34.57851,33.79332,32.95538,32.08263,31.8607,32.42902,32.13289,32.07008,32.38931,31.69552,32.61485,32.81067,32.35382,32.33038,32.30169,31.96401,32.04885,31.37579,31.20571,31.09324,31.31847,31.02164,30.38091
South Asia (IDA & IBRD),TSA,Employment in agriculture (% of total employment) (modeled ILO estimate),SL.AGR.EMPL.ZS,59.2798036296867,59.0943013660193,58.5469214305343,58.2583019500619,57.4600342089443,56.3748225392423,55.461504280467,54.6370526674931,53.8072889719001,53.1307420267808,52.3952402841582,51.8915175745706,50.9917738230037,50.1609216035501,48.368807877668,46.4842491307352,45.845610210869,45.2206524498723,44.5141533984912,44.0559800313617,43.0932477405003,42.2322845830544,40.7933171415504,42.9091360646081,42.4316490728544
Sub-Saharan Africa (IDA & IBRD countries),TSS,Employment in agriculture (% of total employment) (modeled ILO estimate),SL.AGR.EMPL.ZS,62.7096978173662,62.4777600710044,62.2120222090856,61.9098843747856,61.671599157036,61.3452996434548,60.9873016833349,60.5457152250739,60.2695054607934,59.6007412934462,58.9023186977014,58.3546307824911,57.8192550986851,57.0408698898852,56.2447958263042,55.5774871129275,55.319918972547,54.2137017156048,53.3853923980794,53.0999085004371,52.610488423846,52.0183904274876,51.582504056028,51.959543777602,51.5747061898451
Trinidad and Tobago,TTO,Employment in agriculture (% of total employment) (modeled ILO estimate),SL.AGR.EMPL.ZS,9.506134,8.141927,8.120271,7.225386,7.860357,6.891873,5.901147,4.640329,4.341025,4.41324,3.812804,3.836487,3.90879,3.802351,3.722078,3.742043,3.527181,3.613934,3.426363,3.244982,3.202384,3.155279,3.082895,3.055994,3.024585
Tunisia,TUN,Employment in agriculture (% of total employment) (modeled ILO estimate),SL.AGR.EMPL.ZS,22.44877,21.98195,21.45161,20.89752,20.33973,19.98729,19.53258,18.91807,18.52519,19.4382,18.70204,18.02175,18.47122,17.9461,16.36118,17.0738,15.36476,14.8673,14.75137,14.76538,14.81231,14.512,14.29192,14.28303,13.92425
Turkiye,TUR,Employment in agriculture (% of total employment) (modeled ILO estimate),SL.AGR.EMPL.ZS,41.67609,41.02421,39.62471,35.99925,37.57665,34.92086,33.88189,29.10045,25.68396,24.06013,23.47755,23.66866,22.94777,23.70436,24.15854,23.55573,22.92381,21.08507,20.40625,19.50106,19.38381,18.43071,18.10844,17.55452,17.1219
Tuvalu,TUV,Employment in agriculture (% of total employment) (modeled ILO estimate),SL.AGR.EMPL.ZS,,,,,,,,,,,,,,,,,,,,,,,,,
Tanzania,TZA,Employment in agriculture (% of total employment) (modeled ILO estimate),SL.AGR.EMPL.ZS,84.29486,84.0506,83.59936,83.08018,82.29013,80.62724,78.89696,76.8834,74.51484,72.17854,71.37713,71.18301,70.72587,70.25407,69.64146,69.36733,68.70484,68.05038,67.5038,66.88446,66.34439,65.76806,65.07989,64.8265,64.26571
Uganda,UGA,Employment in agriculture (% of total employment) (modeled ILO estimate),SL.AGR.EMPL.ZS,70.48328,70.1482,69.51082,69.4983,69.32254,68.62387,68.6983,72.1582,75.30402,74.5702,74.20991,74.00223,73.78562,71.31864,68.79872,66.13567,71.91687,68.46802,67.8169,66.78003,65.09868,64.28019,63.51083,63.47708,62.91655
Ukraine,UKR,Employment in agriculture (% of total employment) (modeled ILO estimate),SL.AGR.EMPL.ZS,22.07276,22.64083,22.67337,22.40153,22.07862,21.89875,21.57731,20.90559,20.53842,18.82531,17.85586,16.97647,16.56201,16.33278,16.096,15.89703,15.71928,14.77262,15.25737,15.59941,15.40814,15.20915,15.10302,15.06021,14.66618
Upper middle income,UMC,Employment in agriculture (% of total employment) (modeled ILO estimate),SL.AGR.EMPL.ZS,41.5013427956024,41.6459129847955,41.7617704353299,41.5932490675347,41.1337016531526,40.9537295611974,40.3796574559035,38.3483294352728,36.8899564815441,35.1752091880697,33.7081017107036,32.8260682986547,31.7972194893895,30.6867655819358,29.4350126508161,28.4552182759571,26.8351855173371,25.3254293598842,24.5906178115626,23.8938044521302,23.3044848392433,22.5780298082601,21.9503613272436,22.1039848394366,21.6177162461493
Uruguay,URY,Employment in agriculture (% of total employment) (modeled ILO estimate),SL.AGR.EMPL.ZS,8.781911,10.79154,11.1982,11.0937,11.04175,11.12776,11.0657,10.86992,10.36563,10.73755,10.67448,10.57995,10.95294,11.56683,9.792605,8.605617,9.287936,9.139669,8.823603,8.223577,8.744223,8.358704,8.535695,8.308325,8.424475
United States,USA,Employment in agriculture (% of total employment) (modeled ILO estimate),SL.AGR.EMPL.ZS,2.623535,2.569544,2.457899,2.267193,2.1083,1.955487,1.810335,1.752682,1.692783,1.66751,1.575148,1.61335,1.626571,1.739215,1.757615,1.692792,1.624083,1.661639,1.781391,1.781334,1.768335,1.708719,1.679713,1.746393,1.662403
Uzbekistan,UZB,Employment in agriculture (% of total employment) (modeled ILO estimate),SL.AGR.EMPL.ZS,39.955,39.39549,38.49746,37.66965,36.71826,35.74419,34.72921,33.59752,32.44124,31.28017,30.0482,28.83434,27.71076,26.81454,27.09432,26.60139,27.16615,27.52995,26.87248,26.23368,25.7683,25.1091,24.33034,24.45806,23.94528
St. Vincent and the Grenadines,VCT,Employment in agriculture (% of total employment) (modeled ILO estimate),SL.AGR.EMPL.ZS,19.0802,18.33303,17.51348,16.80591,16.03498,15.5298,14.97519,14.50946,14.10228,13.66443,13.32416,12.99922,12.7306,12.50469,12.24624,11.97662,11.7445,11.52075,11.25648,11.07321,10.85798,10.65967,10.42673,10.59258,10.32602
"Venezuela, RB",VEN,Employment in agriculture (% of total employment) (modeled ILO estimate),SL.AGR.EMPL.ZS,10.81632,9.985037,10.19127,10.61521,9.654925,9.970906,10.76707,10.49708,10.2853,9.417599,8.836546,8.517753,8.629657,8.545029,8.052499,7.74339,7.445706,6.797627,6.354222,6.05441,8.08684,9.554468,11.64183,12.99543,13.09415
British Virgin Islands,VGB,Employment in agriculture (% of total employment) (modeled ILO estimate),SL.AGR.EMPL.ZS,,,,,,,,,,,,,,,,,,,,,,,,,
Virgin Islands (U.S.),VIR,Employment in agriculture (% of total employment) (modeled ILO estimate),SL.AGR.EMPL.ZS,2.990334,2.92703,2.857765,2.776672,2.690161,2.604013,2.519249,2.435145,2.357065,2.288797,2.228271,2.180245,2.148104,2.121185,2.102675,2.091844,2.073882,2.051683,2.018922,1.981302,1.939019,1.890804,1.8386,1.811047,1.779634
Vietnam,VNM,Employment in agriculture (% of total employment) (modeled ILO estimate),SL.AGR.EMPL.ZS,65.28136,64.75932,64.97545,65.25565,63.99429,62.04158,59.67381,57.89315,54.81835,51.66879,49.28355,48.52802,47.55257,48.70731,48.31425,47.36676,46.81343,46.33577,44.01845,41.86491,40.15545,37.72411,34.97985,32.61239,29.04434
Vanuatu,VUT,Employment in agriculture (% of total employment) (modeled ILO estimate),SL.AGR.EMPL.ZS,65.9116,65.66882,65.69949,65.19227,65.48877,66.01526,65.37145,65.10776,64.42337,63.57889,62.86932,61.65439,60.54535,63.831,62.48202,61.41805,60.16998,58.57331,56.79152,54.68883,52.84428,51.04994,49.2267,48.77853,48.01493
World,WLD,Employment in agriculture (% of total employment) (modeled ILO estimate),SL.AGR.EMPL.ZS,39.789477669191,39.869135657863,39.8633895382927,39.7290923784707,39.3421182256972,39.0185314578075,38.5176030084731,37.3574086678574,36.4297906361703,35.377356158646,34.4366406163153,33.8772572378436,33.3822322871293,32.7350859453674,31.8045081197689,30.9346851760091,30.0709469486856,29.1503718088066,28.5305468501807,28.0134108422211,27.4958244398706,26.8724379790595,26.3881717915251,26.9497072779351,26.4191469325414
Samoa,WSM,Employment in agriculture (% of total employment) (modeled ILO estimate),SL.AGR.EMPL.ZS,44.61699,43.50838,42.49509,41.44436,39.89363,39.01302,37.73746,37.19149,36.25111,35.41652,33.55378,32.65889,32.33431,30.71037,29.46823,28.79449,28.68302,28.02515,27.33137,26.39978,25.96388,25.57598,25.02952,24.70634,24.14379
Kosovo,XKX,Employment in agriculture (% of total employment) (modeled ILO estimate),SL.AGR.EMPL.ZS,,,,,,,,,,,,,,,,,,,,,,,,,
"Yemen, Rep.",YEM,Employment in agriculture (% of total employment) (modeled ILO estimate),SL.AGR.EMPL.ZS,56.41379,56.87965,54.11303,49.61998,44.98429,40.26681,35.61672,31.02673,29.72527,28.54461,27.42033,26.35206,25.23554,24.11144,26.08003,27.10061,27.97914,29.24376,30.25442,30.43421,30.65,30.39078,29.99571,28.81619,28.09328
South Africa,ZAF,Employment in agriculture (% of total employment) (modeled ILO estimate),SL.AGR.EMPL.ZS,21.41961,21.22832,20.92114,20.48108,19.89609,19.32831,19.03484,18.30645,17.90388,17.51223,17.19837,17.85909,17.7566,16.57053,17.64849,16.21054,15.39265,14.02137,15.46671,16.05315,16.79855,15.69041,16.4066,21.44945,21.29613
Zambia,ZMB,Employment in agriculture (% of total employment) (modeled ILO estimate),SL.AGR.EMPL.ZS,71.97517,71.63216,70.50399,68.95209,69.69974,70.28196,70.61186,70.79775,70.83685,70.19442,69.47437,68.72025,67.44312,66.13003,65.01178,63.62582,62.64296,61.54718,60.53734,59.69989,58.79881,59.77799,57.37186,59.11173,58.67977
Zimbabwe,ZWE,Employment in agriculture (% of total employment) (modeled ILO estimate),SL.AGR.EMPL.ZS,63.7459,63.37338,63.86676,65.3484,66.98423,69.03002,71.05492,72.43848,72.81236,73.33482,73.40587,72.88441,70.2699,67.19594,65.86273,65.79174,66.68303,67.24393,66.45557,65.75684,64.56303,63.33371,62.39797,62.22398,61.61232
